n,sqrt(x) Nim,Cumulative II,"1, 2, ...",0,n^0.5866,,,x^0.7114,Cumulative II,x^(1/3),ceil(ln(x)) -->,Cumulative II,log1.079(x),x^0.7052,ceil(log2(x)) ->,ceil(log2(x)) ->,Cumulative II,log2(x),0,#REF!
1,I,0,1,1,1,1,637,1,0,1,355.5988825,1,0,1,4118.986394,,,,1,
2,II,1,1,1,1,0,,1.637392282,1,1.25989194,,1,10,1.630370667,24229,,,,#REF!,
3,I,1,1,1,1,0,,2.184862248,1,1.442196756,,1,15,2.170030854,,,,-2,#NUM!,
4,I,1,2,2,2,1,,2.681053484,2,1.5873277,,2,19,2.65810851,,,,,2,
5,II,2,2,2,2,0,,3.142297219,2,1.709884212,,2,22,3.111097681,,,,,#REF!,
6,I,2,2,2,2,0,,3.577476582,3,1.817012068,,2,24,3.53795465,,,,,#REF!,
7,I,2,2,2,3,1,,3.992112263,3,1.912807107,,3,26,3.944238226,,,,,#REF!,
8,II,3,2,2,3,0,,4.389936283,3,1.999861375,,3,28,4.333702143,,,,,#REF!,
9,I,3,3,3,3,0,,4.773623043,4,2.079931482,,3,29,4.709033908,,,,,3,
10,I,3,3,3,3,0,,5.145173214,4,2.154269337,,3,31,5.072242399,,,,,#REF!,
11,I,3,3,3,4,1,,5.506133744,4,2.223802335,,4,32,5.424879821,,,,,#REF!,
12,II,4,3,3,4,0,,5.857732543,5,2.289238859,,4,33,5.768177481,,,,,#REF!,
13,I,4,3,3,4,0,,6.200965296,5,2.351133661,,4,34,6.10313325,,,,,#REF!,
14,I,4,3,3,4,0,,6.536653807,5,2.409930257,,4,35,6.430570306,,,,,,
15,I,4,3,3,4,0,,6.865486566,6,2.465989464,,5,36,6.751177957,,,,,,
16,I,4,4,4,5,1,,7.188047787,6,2.519609228,,5,37,7.065540852,,,,,,
17,II,5,4,4,5,0,,7.504838703,6,2.571038769,,5,38,7.374160389,,,,,,
18,I,5,4,4,5,0,,7.816293526,7,2.620488909,,5,39,7.677470751,,,,,,
19,I,5,4,4,5,0,,8.122791613,7,2.668139763,,6,39,7.975851133,,,,,,
20,I,5,4,4,5,0,,8.424666909,7,2.714146575,,6,40,8.269635221,,,,,,
21,I,5,4,4,5,0,,8.722215373,8,2.758644204,,6,41,8.559118647,,,,,,
22,II,6,4,4,6,0,,9.015700895,8,2.801750638,,6,41,8.84456493,,,,,,
23,I,6,4,4,6,0,,9.305360065,8,2.843569764,,6,42,9.126210252,,,,,,
24,I,6,4,4,6,0,,9.591406055,9,2.884193587,,7,42,9.404267364,,,,,,
25,I,6,5,5,6,0,,9.874031814,9,2.92370402,,7,43,9.678928778,,,,,,
26,I,6,5,5,6,0,,10.15341272,9,2.962174349,,7,43,9.950369425,,,,,,
27,I,6,5,5,6,0,,10.42970877,9,2.999670434,,7,44,10.21874887,,,,,,
28,II,7,5,5,7,0,,10.70306649,10,3.036251706,,7,44,10.4842132,,,,,,
29,I,7,5,5,7,0,,10.97362047,10,3.071971998,,8,45,10.74689654,,,,,,
30,I,7,5,5,7,0,,11.24149471,10,3.106880249,,8,45,11.00692251,,,,,,
31,I,7,5,5,7,0,,11.50680382,10,3.141021091,,8,46,11.26440525,,,,,,
32,I,7,5,5,7,0,,11.76965397,11,3.174435358,,8,46,11.51945055,,,,,,
33,I,7,5,5,7,0,,12.03014375,11,3.207160513,,8,46,11.77215659,,,,,,
34,II,8,5,5,7,1,,12.28836497,11,3.239231022,,9,47,12.02261479,,,,,,
35,I,8,5,5,8,0,,12.54440326,11,3.270678674,,9,47,12.2709104,,,,,,
36,I,8,6,6,8,0,,12.79833869,12,3.301532855,,9,48,12.51712311,,,,,,
37,I,8,6,6,8,0,,13.05024625,12,3.331820796,,9,48,12.76132754,,,,,,
38,I,8,6,6,8,0,,13.30019629,12,3.361567782,,9,48,13.00359373,,,,,,
39,I,8,6,6,8,0,,13.54825498,12,3.390797338,,10,49,13.24398746,,,,,,
40,I,8,6,6,8,0,,13.79448457,13,3.419531393,,10,49,13.48257069,,,,,,
41,II,9,6,6,8,1,,14.03894381,13,3.447790427,,10,49,13.71940181,,,,,,
42,I,9,6,6,8,1,,14.28168813,13,3.475593597,,10,50,13.95453597,,,,,,
43,I,9,6,6,9,0,,14.52277,13,3.502958855,,10,50,14.18802532,,,,,,
44,I,9,6,6,9,0,,14.76223906,14,3.529903046,,11,50,14.41991922,,,,,,
45,I,9,6,6,9,0,,15.00014241,14,3.556442003,,11,51,14.65026447,,,,,,
46,I,9,6,6,9,0,,15.23652475,14,3.582590627,,11,51,14.87910549,,,,,,
47,I,9,6,6,9,0,,15.47142855,14,3.608362959,,11,51,15.1064845,,,,,,
48,II,10,6,6,9,1,,15.70489425,15,3.633772253,,11,51,15.33244165,,,,,,
49,I,10,7,7,9,1,,15.93696032,15,3.658831029,,12,52,15.55701519,,,,,,
50,I,10,7,7,9,1,,16.16766348,15,3.683551129,,12,52,15.78024156,,,,,,
51,I,10,7,7,10,0,,16.39703876,15,3.707943771,,12,52,16.00215557,,,,,,
52,I,10,7,7,10,0,,16.62511961,16,3.732019587,,12,52,16.22279043,,,,,,
53,I,10,7,7,10,0,,16.85193804,16,3.755788669,,12,53,16.44217792,,,,,,
54,I,10,7,7,10,0,,17.07752464,16,3.779260603,,13,53,16.66034841,,,,,,
55,I,10,7,7,10,0,,17.30190875,16,3.802444505,,13,53,16.87733103,,,,,,
56,II,11,7,7,10,1,,17.52511847,17,3.825349052,,13,53,17.09315366,,,,,,
57,I,11,7,7,10,1,,17.74718074,17,3.84798251,,13,54,17.30784305,,,,,,
58,I,11,7,7,10,1,,17.96812146,17,3.87035276,,13,54,17.52142488,,,,,,
59,I,11,7,7,10,1,,18.18796547,17,3.892467324,,13,54,17.73392382,,,,,,
60,I,11,7,7,11,0,,18.40673668,18,3.914333384,,14,54,17.94536358,,,,,,
61,I,11,7,7,11,0,,18.62445807,18,3.935957805,,14,55,18.15576696,,,,,,
62,I,11,7,7,11,0,,18.84115177,18,3.957347155,,14,55,18.3651559,,,,,,
63,I,11,7,7,11,0,,19.05683909,18,3.97850772,,14,55,18.57355155,,,,,,
64,I,11,8,8,11,0,,19.27154056,19,3.999445521,,14,55,18.78097427,,,,,,
65,II,12,8,8,11,1,,19.48527601,19,4.020166329,,14,55,18.9874437,,,,,,
66,I,12,8,8,11,1,,19.69806453,19,4.04067568,,15,56,19.19297879,,,,,,
67,I,12,8,8,11,1,,19.90992457,19,4.060978888,,15,56,19.39759783,,,,,,
68,I,12,8,8,11,1,,20.12087396,19,4.081081056,,15,56,19.60131849,,,,,,
69,I,12,8,8,11,1,,20.33092991,20,4.100987088,,15,56,19.80415783,,,,,,
70,I,12,8,8,12,0,,20.54010908,20,4.120701699,,15,56,20.00613236,,,,,,
71,I,12,8,8,12,0,,20.74842758,20,4.140229425,,15,57,20.20725805,,,,,,
72,I,12,8,8,12,0,,20.95590099,20,4.159574633,,16,57,20.40755034,,,,,,
73,I,12,8,8,12,0,,21.16254442,20,4.17874153,,16,57,20.60702419,,,,,,
74,II,13,8,8,12,1,,21.36837248,21,4.197734167,,16,57,20.80569409,,,,,,
75,I,13,8,8,12,1,,21.57339935,21,4.216556452,,16,57,21.00357408,,,,,,
76,I,13,8,8,12,1,,21.77763876,21,4.235212154,,16,57,21.20067777,,,,,,
77,I,13,8,8,12,1,,21.98110404,21,4.253704912,,16,58,21.39701836,,,,,,
78,I,13,8,8,12,1,,22.18380813,21,4.272038236,,17,58,21.59260866,,,,,,
79,I,13,8,8,12,1,,22.38576358,22,4.290215519,,17,58,21.7874611,,,,,,
80,I,13,8,8,13,0,,22.58698257,22,4.30824004,,17,58,21.98158776,,,,,,
81,I,13,9,9,13,0,,22.78747695,22,4.326114968,,17,58,22.17500035,,,,,,
82,I,13,9,9,13,0,,22.98725823,22,4.343843369,,17,58,22.36771027,,,,,,
83,I,13,9,9,13,0,,23.18633759,22,4.361428209,,17,59,22.5597286,,,,,,
84,II,14,9,9,13,1,,23.38472592,23,4.378872359,,18,59,22.75106612,,,,,,
85,I,14,9,9,13,1,,23.58243379,23,4.396178601,,18,59,22.94173328,,,,,,
86,I,14,9,9,13,1,,23.7794715,23,4.413349627,,18,59,23.1317403,,,,,,
87,I,14,9,9,13,1,,23.97584909,23,4.430388049,,18,59,23.32109709,,,,,,
88,I,14,9,9,13,1,,24.1715763,23,4.447296397,,18,59,23.50981331,,,,,,
89,I,14,9,9,13,1,,24.36666265,24,4.464077125,,18,60,23.69789837,,,,,,
90,I,14,9,9,14,0,,24.56111741,24,4.480732615,,19,60,23.88536145,,,,,,
91,I,14,9,9,14,0,,24.7549496,24,4.497265177,,19,60,24.07221147,,,,,,
92,I,14,9,9,14,0,,24.94816803,24,4.513677054,,19,60,24.25845714,,,,,,
93,I,14,9,9,14,0,,25.14078127,24,4.529970426,,19,60,24.44410696,,,,,,
94,II,15,9,9,14,1,,25.3327977,25,4.546147409,,19,60,24.6291692,,,,,,
95,I,15,9,9,14,1,,25.5242255,25,4.562210058,,19,60,24.81365196,,,,,,
96,I,15,9,9,14,1,,25.71507262,25,4.578160373,,20,61,24.99756311,,,,,,
97,I,15,9,9,14,1,,25.90534687,25,4.594000298,,20,61,25.18091036,,,,,,
98,I,15,9,9,14,1,,26.09505582,25,4.609731723,,20,61,25.36370122,,,,,,
99,I,15,9,9,14,1,,26.28420692,26,4.625356486,,20,61,25.54594302,,,,,,
100,I,15,10,10,14,1,,26.4728074,26,4.640876378,,20,61,25.72764295,,,,,,
101,I,15,10,10,14,1,,26.66086436,26,4.656293141,,20,61,25.90880801,,,,,,
102,I,15,10,10,15,0,,26.84838471,26,4.671608471,,21,61,26.08944504,,,,,,
103,I,15,10,10,15,0,,27.03537523,26,4.68682402,,21,61,26.26956074,,,,,,
104,I,15,10,10,15,0,,27.22184254,27,4.701941397,,21,62,26.44916165,,,,,,
105,II,16,10,10,15,1,,27.40779311,27,4.716962172,,21,62,26.62825417,,,,,,
106,I,16,10,10,15,1,,27.59323328,27,4.731887872,,21,62,26.80684457,,,,,,
107,I,16,10,10,15,1,,27.77816923,27,4.746719987,,21,62,26.98493896,,,,,,
108,I,16,10,10,15,1,,27.96260705,27,4.761459972,,22,62,27.16254335,,,,,,
109,I,16,10,10,15,1,,28.14655265,28,4.776109243,,22,62,27.33966359,,,,,,
110,I,16,10,10,15,1,,28.33001185,28,4.790669183,,22,62,27.51630544,,,,,,
111,I,16,10,10,15,1,,28.51299035,28,4.805141143,,22,62,27.69247451,,,,,,
112,I,16,10,10,15,1,,28.69549372,28,4.819526438,,22,63,27.86817632,,,,,,
113,I,16,10,10,16,0,,28.87752741,28,4.833826355,,22,63,28.04341625,,,,,,
114,I,16,10,10,16,0,,29.05909677,29,4.848042149,,23,63,28.2181996,,,,,,
115,I,16,10,10,16,0,,29.24020706,29,4.862175047,,23,63,28.39253155,,,,,,
116,II,17,10,10,16,1,,29.42086339,29,4.876226247,,23,63,28.56641716,,,,,,
117,I,17,10,10,16,1,,29.60107083,29,4.890196919,,23,63,28.73986142,,,,,,
118,I,17,10,10,16,1,,29.78083429,29,4.904088208,,23,63,28.9128692,,,,,,
119,I,17,10,10,16,1,,29.96015862,30,4.91790123,,23,63,29.08544529,,,,,,
120,I,17,10,10,16,1,,30.13904857,30,4.93163708,,24,63,29.25759438,,,,,,
121,I,17,11,11,16,1,,30.31750881,30,4.945296826,,24,64,29.42932107,,,,,,
122,I,17,11,11,16,1,,30.4955439,30,4.958881515,,24,64,29.60062988,,,,,,
123,I,17,11,11,16,1,,30.67315832,30,4.972392167,,24,64,29.77152523,,,,,,
124,I,17,11,11,16,1,,30.85035649,31,4.985829784,,24,64,29.94201147,,,,,,
125,I,17,11,11,16,1,,31.02714271,31,4.999195346,,24,64,30.11209287,,,,,,
126,I,17,11,11,17,0,,31.20352124,31,5.012489809,,25,64,30.28177362,,,,,,
127,I,17,11,11,17,0,,31.37949623,31,5.025714113,,25,64,30.45105783,,,,,,
128,II,18,11,11,17,1,,31.55507178,31,5.038869175,,25,64,30.61994953,,,,,,
129,I,18,11,11,17,1,,31.7302519,31,5.051955896,,25,64,30.78845271,,,,,,
130,I,18,11,11,17,1,,31.90504054,32,5.064975154,,25,65,30.95657124,,,,,,
131,I,18,11,11,17,1,,32.07944158,32,5.077927814,,25,65,31.12430896,,,,,,
132,I,18,11,11,17,1,,32.25345882,32,5.090814721,,26,65,31.29166962,,,,,,
133,I,18,11,11,17,1,,32.42709601,32,5.103636702,,26,65,31.45865693,,,,,,
134,I,18,11,11,17,1,,32.60035682,32,5.116394569,,26,65,31.6252745,,,,,,
135,I,18,11,11,17,1,,32.77324487,32,5.129089118,,26,65,31.79152592,,,,,,
136,I,18,11,11,17,1,,32.94576372,33,5.141721129,,26,65,31.95741469,,,,,,
137,I,18,11,11,17,1,,33.11791685,33,5.154291366,,26,65,32.12294425,,,,,,
138,I,18,11,11,17,1,,33.28970772,33,5.166800578,,27,65,32.288118,,,,,,
139,I,18,11,11,18,0,,33.46113968,33,5.179249502,,27,65,32.45293928,,,,,,
140,II,19,11,11,18,1,,33.63221608,33,5.191638857,,27,65,32.61741135,,,,,,
141,I,19,11,11,18,1,,33.80294017,33,5.203969353,,27,66,32.78153746,,,,,,
142,I,19,11,11,18,1,,33.97331518,34,5.216241682,,27,66,32.94532078,,,,,,
143,I,19,11,11,18,1,,34.14334427,34,5.228456526,,27,66,33.10876441,,,,,,
144,I,19,12,12,18,1,,34.31303055,34,5.240614554,,28,66,33.27187145,,,,,,
145,I,19,12,12,18,1,,34.48237708,34,5.252716421,,28,66,33.43464491,,,,,,
146,I,19,12,12,18,1,,34.6513869,34,5.264762772,,28,66,33.59708777,,,,,,
147,I,19,12,12,18,1,,34.82006295,34,5.276754239,,28,66,33.75920295,,,,,,
148,I,19,12,12,18,1,,34.98840817,35,5.288691442,,28,66,33.92099335,,,,,,
149,I,19,12,12,18,1,,35.15642544,35,5.300574992,,28,66,34.08246179,,,,,,
150,I,19,12,12,18,1,,35.32411758,35,5.312405488,,28,66,34.24361108,,,,,,
151,I,19,12,12,18,1,,35.49148739,35,5.324183517,,29,66,34.40444396,,,,,,
152,I,19,12,12,19,0,,35.65853762,35,5.335909657,,29,67,34.56496315,,,,,,
153,II,20,12,12,19,1,,35.82527097,35,5.347584476,,29,67,34.72517132,,,,,,
154,I,20,12,12,19,1,,35.9916901,36,5.359208533,,29,67,34.88507109,,,,,,
155,I,20,12,12,19,1,,36.15779766,36,5.370782374,,29,67,35.04466506,,,,,,
156,I,20,12,12,19,1,,36.32359621,36,5.38230654,,29,67,35.20395578,,,,,,
157,I,20,12,12,19,1,,36.48908833,36,5.393781559,,29,67,35.36294576,,,,,,
158,I,20,12,12,19,1,,36.6542765,36,5.405207953,,30,67,35.52163748,,,,,,
159,I,20,12,12,19,1,,36.81916323,36,5.416586232,,30,67,35.68003339,,,,,,
160,I,20,12,12,19,1,,36.98375093,37,5.427916901,,30,67,35.83813588,,,,,,
161,I,20,12,12,19,1,,37.14804203,37,5.439200455,,30,67,35.99594734,,,,,,
162,I,20,12,12,19,1,,37.31203888,37,5.450437379,,30,67,36.1534701,,,,,,
163,I,20,12,12,19,1,,37.47574384,37,5.461628154,,30,67,36.31070646,,,,,,
164,I,20,12,12,19,1,,37.63915921,37,5.472773249,,30,68,36.4676587,,,,,,
165,I,20,12,12,19,1,,37.80228725,37,5.483873128,,31,68,36.62432907,,,,,,
166,II,21,12,12,20,1,,37.96513022,38,5.494928247,,31,68,36.78071976,,,,,,
167,I,21,12,12,20,1,,38.12769032,38,5.505939054,,31,68,36.93683296,,,,,,
168,I,21,12,12,20,1,,38.28996973,38,5.516905991,,31,68,37.09267083,,,,,,
169,I,21,13,13,20,1,,38.45197061,38,5.527829493,,31,68,37.24823547,,,,,,
170,I,21,13,13,20,1,,38.61369507,38,5.538709986,,31,68,37.40352898,,,,,,
171,I,21,13,13,20,1,,38.77514521,38,5.549547891,,31,68,37.55855343,,,,,,
172,I,21,13,13,20,1,,38.9363231,39,5.560343623,,32,68,37.71331085,,,,,,
173,I,21,13,13,20,1,,39.09723078,39,5.57109759,,32,68,37.86780324,,,,,,
174,I,21,13,13,20,1,,39.25787024,39,5.581810194,,32,68,38.0220326,,,,,,
175,I,21,13,13,20,1,,39.41824349,39,5.592481828,,32,68,38.17600087,,,,,,
176,I,21,13,13,20,1,,39.57835247,39,5.603112885,,32,69,38.32970999,,,,,,
177,I,21,13,13,20,1,,39.73819913,39,5.613703745,,32,69,38.48316186,,,,,,
178,I,21,13,13,20,1,,39.89778536,40,5.624254789,,32,69,38.63635836,,,,,,
179,I,21,13,13,20,1,,40.05711306,40,5.634766387,,33,69,38.78930135,,,,,,
180,II,22,13,13,21,1,,40.21618408,40,5.645238906,,33,69,38.94199266,,,,,,
181,I,22,13,13,21,1,,40.37500026,40,5.655672708,,33,69,39.0944341,,,,,,
182,I,22,13,13,21,1,,40.53356341,40,5.666068148,,33,69,39.24662745,,,,,,
183,I,22,13,13,21,1,,40.69187533,40,5.676425577,,33,69,39.39857448,,,,,,
184,I,22,13,13,21,1,,40.84993777,41,5.68674534,,33,69,39.55027693,,,,,,
185,I,22,13,13,21,1,,41.00775249,41,5.697027779,,33,69,39.70173652,,,,,,
186,I,22,13,13,21,1,,41.16532121,41,5.707273228,,34,69,39.85295495,,,,,,
187,I,22,13,13,21,1,,41.32264563,41,5.717482019,,34,69,40.00393389,,,,,,
188,I,22,13,13,21,1,,41.47972744,41,5.727654478,,34,69,40.15467501,,,,,,
189,I,22,13,13,21,1,,41.63656829,41,5.737790926,,34,69,40.30517993,,,,,,
190,I,22,13,13,21,1,,41.79316983,42,5.74789168,,34,70,40.45545028,,,,,,
191,I,22,13,13,21,1,,41.94953368,42,5.757957053,,34,70,40.60548766,,,,,,
192,I,22,13,13,21,1,,42.10566144,42,5.767987354,,34,70,40.75529363,,,,,,
193,I,22,13,13,21,1,,42.2615547,42,5.777982885,,35,70,40.90486977,,,,,,
194,II,23,13,13,21,2,,42.41721502,42,5.787943947,,35,70,41.05421761,,,,,,
195,I,23,13,13,22,1,,42.57264394,42,5.797870836,,35,70,41.20333867,,,,,,
196,I,23,14,14,22,1,,42.727843,43,5.807763842,,35,70,41.35223446,,,,,,
197,I,23,14,14,22,1,,42.8828137,43,5.817623254,,35,70,41.50090646,,,,,,
198,I,23,14,14,22,1,,43.03755754,43,5.827449356,,35,70,41.64935616,,,,,,
199,I,23,14,14,22,1,,43.19207599,43,5.837242426,,35,70,41.79758499,,,,,,
200,I,23,14,14,22,1,,43.34637051,43,5.847002743,,36,70,41.94559439,,,,,,
201,I,23,14,14,22,1,,43.50044255,43,5.856730577,,36,70,42.09338579,,,,,,
202,I,23,14,14,22,1,,43.65429352,44,5.866426198,,36,70,42.24096058,,,,,,
203,I,23,14,14,22,1,,43.80792484,44,5.876089871,,36,70,42.38832016,,,,,,
204,I,23,14,14,22,1,,43.9613379,44,5.885721859,,36,70,42.5354659,,,,,,
205,I,23,14,14,22,1,,44.11453408,44,5.895322418,,36,71,42.68239915,,,,,,
206,I,23,14,14,22,1,,44.26751474,44,5.904891806,,36,71,42.82912125,,,,,,
207,I,23,14,14,22,1,,44.42028123,44,5.914430273,,37,71,42.97563353,,,,,,
208,I,23,14,14,22,1,,44.57283487,45,5.923938068,,37,71,43.1219373,,,,,,
209,II,24,14,14,22,2,,44.725177,45,5.933415437,,37,71,43.26803387,,,,,,
210,I,24,14,14,23,1,,44.8773089,45,5.942862621,,37,71,43.4139245,,,,,,
211,I,24,14,14,23,1,,45.02923188,45,5.95227986,,37,71,43.55961047,,,,,,
212,I,24,14,14,23,1,,45.1809472,45,5.96166739,,37,71,43.70509304,,,,,,
213,I,24,14,14,23,1,,45.33245612,45,5.971025444,,37,71,43.85037345,,,,,,
214,I,24,14,14,23,1,,45.48375991,46,5.980354253,,38,71,43.99545292,,,,,,
215,I,24,14,14,23,1,,45.63485977,46,5.989654043,,38,71,44.14033267,,,,,,
216,I,24,14,14,23,1,,45.78575695,46,5.998925041,,38,71,44.2850139,,,,,,
217,I,24,14,14,23,1,,45.93645265,46,6.008167466,,38,71,44.4294978,,,,,,
218,I,24,14,14,23,1,,46.08694806,46,6.017381539,,38,71,44.57378555,,,,,,
219,I,24,14,14,23,1,,46.23724437,46,6.026567476,,38,71,44.71787831,,,,,,
220,I,24,14,14,23,1,,46.38734275,46,6.035725491,,38,71,44.86177724,,,,,,
221,I,24,14,14,23,1,,46.53724435,47,6.044855794,,39,71,45.00548346,,,,,,
222,I,24,14,14,23,1,,46.68695033,47,6.053958595,,39,72,45.14899813,,,,,,
223,I,24,14,14,23,1,,46.83646182,47,6.0630341,,39,72,45.29232233,,,,,,
224,II,25,14,14,23,2,,46.98577993,47,6.072082513,,39,72,45.4354572,,,,,,
225,I,25,15,15,23,2,,47.13490579,47,6.081104034,,39,72,45.57840381,,,,,,
226,I,25,15,15,24,1,,47.28384049,47,6.090098863,,39,72,45.72116325,,,,,,
227,I,25,15,15,24,1,,47.43258513,47,6.099067196,,39,72,45.86373659,,,,,,
228,I,25,15,15,24,1,,47.58114077,48,6.108009228,,40,72,46.0061249,,,,,,
229,I,25,15,15,24,1,,47.72950849,48,6.11692515,,40,72,46.14832921,,,,,,
230,I,25,15,15,24,1,,47.87768935,48,6.125815152,,40,72,46.29035058,,,,,,
231,I,25,15,15,24,1,,48.02568439,48,6.134679422,,40,72,46.43219004,,,,,,
232,I,25,15,15,24,1,,48.17349465,48,6.143518146,,40,72,46.57384859,,,,,,
233,I,25,15,15,24,1,,48.32112115,48,6.152331506,,40,72,46.71532725,,,,,,
234,I,25,15,15,24,1,,48.4685649,48,6.161119683,,40,72,46.85662702,,,,,,
235,I,25,15,15,24,1,,48.61582692,49,6.169882857,,41,72,46.99774889,,,,,,
236,I,25,15,15,24,1,,48.76290821,49,6.178621205,,41,72,47.13869383,,,,,,
237,I,25,15,15,24,1,,48.90980973,49,6.187334902,,41,72,47.27946283,,,,,,
238,I,25,15,15,24,1,,49.05653248,49,6.196024121,,41,72,47.42005683,,,,,,
239,I,25,15,15,24,1,,49.20307743,49,6.204689033,,41,73,47.56047679,,,,,,
240,II,26,15,15,24,2,,49.34944552,49,6.213329808,,41,73,47.70072365,,,,,,
241,I,26,15,15,24,2,,49.4956377,49,6.221946612,,41,73,47.84079835,,,,,,
242,I,26,15,15,25,1,,49.64165493,50,6.230539612,,42,73,47.98070181,,,,,,
243,I,26,15,15,25,1,,49.78749812,50,6.239108971,,42,73,48.12043495,,,,,,
244,I,26,15,15,25,1,,49.93316821,50,6.247654851,,42,73,48.25999866,,,,,,
245,I,26,15,15,25,1,,50.0786661,50,6.256177412,,42,73,48.39939386,,,,,,
246,I,26,15,15,25,1,,50.2239927,50,6.264676813,,42,73,48.53862143,,,,,,
247,I,26,15,15,25,1,,50.3691489,50,6.27315321,,42,73,48.67768225,,,,,,
248,I,26,15,15,25,1,,50.5141356,50,6.281606759,,42,73,48.8165772,,,,,,
249,I,26,15,15,25,1,,50.65895368,51,6.290037612,,43,73,48.95530713,,,,,,
250,I,26,15,15,25,1,,50.803604,51,6.298445922,,43,73,49.09387292,,,,,,
251,I,26,15,15,25,1,,50.94808744,51,6.306831838,,43,73,49.23227541,,,,,,
252,I,26,15,15,25,1,,51.09240484,51,6.31519551,,43,73,49.37051544,,,,,,
253,I,26,15,15,25,1,,51.23655706,51,6.323537083,,43,73,49.50859384,,,,,,
254,I,26,15,15,25,1,,51.38054493,51,6.331856703,,43,73,49.64651145,,,,,,
255,I,26,15,15,25,1,,51.5243693,51,6.340154515,,43,73,49.78426907,,,,,,
256,I,26,16,16,25,1,,51.66803098,52,6.34843066,,44,73,49.92186753,,,,,,
257,II,27,16,16,25,2,,51.8115308,52,6.35668528,,44,73,50.05930763,,,,,,
258,I,27,16,16,25,2,,51.95486956,52,6.364918514,,44,74,50.19659016,,,,,,
259,I,27,16,16,26,1,,52.09804808,52,6.373130499,,44,74,50.33371592,,,,,,
260,I,27,16,16,26,1,,52.24106713,52,6.381321373,,44,74,50.47068568,,,,,,
261,I,27,16,16,26,1,,52.38392753,52,6.38949127,,44,74,50.60750023,,,,,,
262,I,27,16,16,26,1,,52.52663005,52,6.397640325,,44,74,50.74416034,,,,,,
263,I,27,16,16,26,1,,52.66917546,53,6.405768669,,45,74,50.88066676,,,,,,
264,I,27,16,16,26,1,,52.81156453,53,6.413876434,,45,74,51.01702025,,,,,,
265,I,27,16,16,26,1,,52.95379804,53,6.42196375,,45,74,51.15322157,,,,,,
266,I,27,16,16,26,1,,53.09587672,53,6.430030745,,45,74,51.28927146,,,,,,
267,I,27,16,16,26,1,,53.23780134,53,6.438077546,,45,74,51.42517065,,,,,,
268,I,27,16,16,26,1,,53.37957264,53,6.446104279,,45,74,51.56091987,,,,,,
269,I,27,16,16,26,1,,53.52119135,53,6.454111069,,45,74,51.69651985,,,,,,
270,I,27,16,16,26,1,,53.6626582,54,6.462098039,,46,74,51.8319713,,,,,,
271,I,27,16,16,26,1,,53.80397392,54,6.470065312,,46,74,51.96727494,,,,,,
272,I,27,16,16,26,1,,53.94513923,54,6.478013007,,46,74,52.10243148,,,,,,
273,I,27,16,16,26,1,,54.08615484,54,6.485941247,,46,74,52.23744161,,,,,,
274,II,28,16,16,26,2,,54.22702145,54,6.493850147,,46,74,52.37230602,,,,,,
275,I,28,16,16,26,2,,54.36773976,54,6.501739827,,46,74,52.50702542,,,,,,
276,I,28,16,16,27,1,,54.50831048,54,6.509610403,,46,74,52.64160046,,,,,,
277,I,28,16,16,27,1,,54.64873428,55,6.51746199,,47,74,52.77603185,,,,,,
278,I,28,16,16,27,1,,54.78901186,55,6.525294702,,47,75,52.91032024,,,,,,
279,I,28,16,16,27,1,,54.92914388,55,6.533108651,,47,75,53.0444663,,,,,,
280,I,28,16,16,27,1,,55.06913103,55,6.540903951,,47,75,53.17847069,,,,,,
281,I,28,16,16,27,1,,55.20897396,55,6.548680712,,47,75,53.31233407,,,,,,
282,I,28,16,16,27,1,,55.34867334,55,6.556439043,,47,75,53.44605708,,,,,,
283,I,28,16,16,27,1,,55.48822982,55,6.564179054,,47,75,53.57964038,,,,,,
284,I,28,16,16,27,1,,55.62764406,56,6.571900852,,48,75,53.71308459,,,,,,
285,I,28,16,16,27,1,,55.7669167,56,6.579604544,,48,75,53.84639036,,,,,,
286,I,28,16,16,27,1,,55.90604837,56,6.587290235,,48,75,53.97955831,,,,,,
287,I,28,16,16,27,1,,56.04503973,56,6.594958032,,48,75,54.11258906,,,,,,
288,I,28,16,16,27,1,,56.18389138,56,6.602608037,,48,75,54.24548323,,,,,,
289,I,28,17,17,27,1,,56.32260396,56,6.610240352,,48,75,54.37824145,,,,,,
290,I,28,17,17,27,1,,56.46117809,56,6.617855081,,48,75,54.51086431,,,,,,
291,I,28,17,17,27,1,,56.59961439,57,6.625452325,,49,75,54.64335242,,,,,,
292,II,29,17,17,27,2,,56.73791346,57,6.633032182,,49,75,54.77570638,,,,,,
293,I,29,17,17,27,2,,56.8760759,57,6.640594752,,49,75,54.90792678,,,,,,
294,I,29,17,17,28,1,,57.01410233,57,6.648140134,,49,75,55.04001422,,,,,,
295,I,29,17,17,28,1,,57.15199333,57,6.655668425,,49,75,55.17196927,,,,,,
296,I,29,17,17,28,1,,57.28974949,57,6.66317972,,49,75,55.30379253,,,,,,
297,I,29,17,17,28,1,,57.42737141,57,6.670674117,,49,75,55.43548456,,,,,,
298,I,29,17,17,28,1,,57.56485967,58,6.678151709,,50,75,55.56704594,,,,,,
299,I,29,17,17,28,1,,57.70221483,58,6.685612591,,50,75,55.69847724,,,,,,
300,I,29,17,17,28,1,,57.83943749,58,6.693056855,,50,76,55.82977901,,,,,,
301,I,29,17,17,28,1,,57.97652819,58,6.700484594,,50,76,55.96095183,,,,,,
302,I,29,17,17,28,1,,58.11348752,58,6.707895899,,50,76,56.09199623,,,,,,
303,I,29,17,17,28,1,,58.25031603,58,6.71529086,,50,76,56.22291278,,,,,,
304,I,29,17,17,28,1,,58.38701427,58,6.722669569,,50,76,56.35370201,,,,,,
305,I,29,17,17,28,1,,58.52358281,59,6.730032112,,51,76,56.48436447,,,,,,
306,I,29,17,17,28,1,,58.66002217,59,6.73737858,,51,76,56.6149007,,,,,,
307,I,29,17,17,28,1,,58.79633292,59,6.744709058,,51,76,56.74531124,,,,,,
308,I,29,17,17,28,1,,58.93251558,59,6.752023635,,51,76,56.8755966,,,,,,
309,I,29,17,17,28,1,,59.0685707,59,6.759322395,,51,76,57.00575733,,,,,,
310,II,30,17,17,28,2,,59.20449881,59,6.766605424,,51,76,57.13579393,,,,,,
311,I,30,17,17,28,2,,59.34030043,59,6.773872807,,51,76,57.26570693,,,,,,
312,I,30,17,17,29,1,,59.47597609,60,6.781124628,,52,76,57.39549684,,,,,,
313,I,30,17,17,29,1,,59.6115263,60,6.788360969,,52,76,57.52516418,,,,,,
314,I,30,17,17,29,1,,59.74695159,60,6.795581912,,52,76,57.65470944,,,,,,
315,I,30,17,17,29,1,,59.88225247,60,6.80278754,,52,76,57.78413314,,,,,,
316,I,30,17,17,29,1,,60.01742944,60,6.809977933,,52,76,57.91343577,,,,,,
317,I,30,17,17,29,1,,60.15248301,60,6.817153172,,52,76,58.04261783,,,,,,
318,I,30,17,17,29,1,,60.28741369,60,6.824313336,,52,76,58.17167981,,,,,,
319,I,30,17,17,29,1,,60.42222196,61,6.831458504,,53,76,58.3006222,,,,,,
320,I,30,17,17,29,1,,60.55690833,61,6.838588754,,53,76,58.42944548,,,,,,
321,I,30,17,17,29,1,,60.69147328,61,6.845704165,,53,76,58.55815014,,,,,,
322,I,30,17,17,29,1,,60.8259173,61,6.852804812,,53,76,58.68673665,,,,,,
323,I,30,17,17,29,1,,60.96024088,61,6.859890773,,53,76,58.8152055,,,,,,
324,I,30,18,18,29,1,,61.09444449,61,6.866962123,,53,77,58.94355714,,,,,,
325,I,30,18,18,29,1,,61.22852861,61,6.874018937,,53,77,59.07179205,,,,,,
326,I,30,18,18,29,1,,61.36249372,62,6.881061289,,54,77,59.19991069,,,,,,
327,I,30,18,18,29,1,,61.49634029,62,6.888089254,,54,77,59.32791353,,,,,,
328,I,30,18,18,29,1,,61.63006878,62,6.895102905,,54,77,59.45580103,,,,,,
329,II,31,18,18,29,2,,61.76367966,62,6.902102314,,54,77,59.58357363,,,,,,
330,I,31,18,18,30,1,,61.89717338,62,6.909087553,,54,77,59.71123179,,,,,,
331,I,31,18,18,30,1,,62.03055041,62,6.916058694,,54,77,59.83877596,,,,,,
332,I,31,18,18,30,1,,62.1638112,62,6.923015808,,54,77,59.96620659,,,,,,
333,I,31,18,18,30,1,,62.29695619,63,6.929958966,,55,77,60.09352412,,,,,,
334,I,31,18,18,30,1,,62.42998585,63,6.936888236,,55,77,60.22072898,,,,,,
335,I,31,18,18,30,1,,62.56290061,63,6.943803688,,55,77,60.34782162,,,,,,
336,I,31,18,18,30,1,,62.69570091,63,6.950705392,,55,77,60.47480246,,,,,,
337,I,31,18,18,30,1,,62.82838719,63,6.957593414,,55,77,60.60167194,,,,,,
338,I,31,18,18,30,1,,62.96095989,63,6.964467823,,55,77,60.72843049,,,,,,
339,I,31,18,18,30,1,,63.09341944,63,6.971328685,,55,77,60.85507853,,,,,,
340,I,31,18,18,30,1,,63.22576628,64,6.978176068,,56,77,60.98161648,,,,,,
341,I,31,18,18,30,1,,63.35800082,64,6.985010037,,56,77,61.10804476,,,,,,
342,I,31,18,18,30,1,,63.4901235,64,6.991830658,,56,77,61.23436379,,,,,,
343,I,31,18,18,30,1,,63.62213473,64,6.998637995,,56,77,61.36057398,,,,,,
344,I,31,18,18,30,1,,63.75403493,64,7.005432114,,56,77,61.48667574,,,,,,
345,I,31,18,18,30,1,,63.88582452,64,7.012213078,,56,77,61.61266949,,,,,,
346,I,31,18,18,30,1,,64.01750391,64,7.01898095,,56,77,61.73855562,,,,,,
347,I,31,18,18,30,1,,64.14907351,64,7.025735794,,57,77,61.86433453,,,,,,
348,II,32,18,18,30,2,,64.28053373,65,7.032477673,,57,77,61.99000663,,,,,,
349,I,32,18,18,31,1,,64.41188498,65,7.039206647,,57,78,62.11557232,,,,,,
350,I,32,18,18,31,1,,64.54312765,65,7.04592278,,57,78,62.24103199,,,,,,
351,I,32,18,18,31,1,,64.67426215,65,7.052626131,,57,78,62.36638603,,,,,,
352,I,32,18,18,31,1,,64.80528887,65,7.059316761,,57,78,62.49163483,,,,,,
353,I,32,18,18,31,1,,64.9362082,65,7.065994732,,57,78,62.61677878,,,,,,
354,I,32,18,18,31,1,,65.06702055,65,7.072660102,,58,78,62.74181826,,,,,,
355,I,32,18,18,31,1,,65.19772629,65,7.07931293,,58,78,62.86675365,,,,,,
356,I,32,18,18,31,1,,65.32832581,66,7.085953276,,58,78,62.99158534,,,,,,
357,I,32,18,18,31,1,,65.45881951,66,7.092581198,,58,78,63.1163137,,,,,,
358,I,32,18,18,31,1,,65.58920776,66,7.099196754,,58,78,63.2409391,,,,,,
359,I,32,18,18,31,1,,65.71949093,66,7.105800001,,58,78,63.36546192,,,,,,
360,I,32,18,18,31,1,,65.84966942,66,7.112390996,,58,78,63.48988253,,,,,,
361,I,32,19,19,31,1,,65.97974359,66,7.118969797,,59,78,63.61420129,,,,,,
362,I,32,19,19,31,1,,66.10971381,66,7.125536459,,59,78,63.73841858,,,,,,
363,I,32,19,19,31,1,,66.23958045,66,7.132091038,,59,78,63.86253475,,,,,,
364,I,32,19,19,31,1,,66.36934389,67,7.13863359,,59,78,63.98655016,,,,,,
365,I,32,19,19,31,1,,66.49900448,67,7.145164169,,59,78,64.11046517,,,,,,
366,I,32,19,19,31,1,,66.62856259,67,7.151682831,,59,78,64.23428014,,,,,,
367,I,32,19,19,31,1,,66.75801859,67,7.158189629,,59,78,64.35799542,,,,,,
368,II,33,19,19,31,2,,66.88737282,67,7.164684618,,60,78,64.48161136,,,,,,
369,I,33,19,19,32,1,,67.01662565,67,7.17116785,,60,78,64.60512832,,,,,,
370,I,33,19,19,32,1,,67.14577742,67,7.17763938,,60,78,64.72854663,,,,,,
371,I,33,19,19,32,1,,67.2748285,67,7.184099258,,60,78,64.85186666,,,,,,
372,I,33,19,19,32,1,,67.40377922,68,7.190547539,,60,78,64.97508872,,,,,,
373,I,33,19,19,32,1,,67.53262995,68,7.196984273,,60,78,65.09821318,,,,,,
374,I,33,19,19,32,1,,67.66138102,68,7.203409512,,60,78,65.22124036,,,,,,
375,I,33,19,19,32,1,,67.79003277,68,7.209823308,,61,78,65.34417061,,,,,,
376,I,33,19,19,32,1,,67.91858555,68,7.216225711,,61,78,65.46700426,,,,,,
377,I,33,19,19,32,1,,68.0470397,68,7.222616772,,61,79,65.58974163,,,,,,
378,I,33,19,19,32,1,,68.17539555,68,7.22899654,,61,79,65.71238307,,,,,,
379,I,33,19,19,32,1,,68.30365345,68,7.235365066,,61,79,65.8349289,,,,,,
380,I,33,19,19,32,1,,68.43181371,69,7.241722399,,61,79,65.95737944,,,,,,
381,I,33,19,19,32,1,,68.55987667,69,7.248068588,,61,79,66.07973503,,,,,,
382,I,33,19,19,32,1,,68.68784267,69,7.254403682,,62,79,66.20199598,,,,,,
383,I,33,19,19,32,1,,68.81571202,69,7.260727728,,62,79,66.32416261,,,,,,
384,I,33,19,19,32,1,,68.94348506,69,7.267040776,,62,79,66.44623524,,,,,,
385,I,33,19,19,32,1,,69.07116211,69,7.273342873,,62,79,66.5682142,,,,,,
386,I,33,19,19,32,1,,69.19874348,69,7.279634066,,62,79,66.69009979,,,,,,
387,I,33,19,19,32,1,,69.3262295,69,7.285914402,,62,79,66.81189233,,,,,,
388,II,34,19,19,33,1,,69.45362048,70,7.292183928,,62,79,66.93359212,,,,,,
389,I,34,19,19,33,1,,69.58091675,70,7.29844269,,63,79,67.05519949,,,,,,
390,I,34,19,19,33,1,,69.7081186,70,7.304690734,,63,79,67.17671473,,,,,,
391,I,34,19,19,33,1,,69.83522636,70,7.310928107,,63,79,67.29813815,,,,,,
392,I,34,19,19,33,1,,69.96224034,70,7.317154854,,63,79,67.41947005,,,,,,
393,I,34,19,19,33,1,,70.08916084,70,7.323371019,,63,79,67.54071075,,,,,,
394,I,34,19,19,33,1,,70.21598817,70,7.329576647,,63,79,67.66186053,,,,,,
395,I,34,19,19,33,1,,70.34272264,70,7.335771784,,63,79,67.7829197,,,,,,
396,I,34,19,19,33,1,,70.46936454,71,7.341956473,,64,79,67.90388856,,,,,,
397,I,34,19,19,33,1,,70.59591418,71,7.348130759,,64,79,68.02476739,,,,,,
398,I,34,19,19,33,1,,70.72237186,71,7.354294684,,64,79,68.14555649,,,,,,
399,I,34,19,19,33,1,,70.84873788,71,7.360448293,,64,79,68.26625616,,,,,,
400,I,34,20,20,33,1,,70.97501252,71,7.366591628,,64,79,68.38686668,,,,,,
401,I,34,20,20,33,1,,71.1011961,71,7.372724732,,64,79,68.50738835,,,,,,
402,I,34,20,20,33,1,,71.22728888,71,7.378847648,,64,79,68.62782144,,,,,,
403,I,34,20,20,33,1,,71.35329118,71,7.384960417,,65,79,68.74816625,,,,,,
404,I,34,20,20,33,1,,71.47920328,72,7.391063083,,65,79,68.86842306,,,,,,
405,I,34,20,20,33,1,,71.60502546,72,7.397155685,,65,79,68.98859215,,,,,,
406,I,34,20,20,33,1,,71.73075802,72,7.403238267,,65,79,69.1086738,,,,,,
407,I,34,20,20,33,1,,71.85640123,72,7.409310868,,65,80,69.22866828,,,,,,
408,I,34,20,20,33,1,,71.98195538,72,7.41537353,,65,80,69.34857589,,,,,,
409,II,35,20,20,34,1,,72.10742075,72,7.421426293,,65,80,69.46839688,,,,,,
410,I,35,20,20,34,1,,72.23279762,72,7.427469198,,65,80,69.58813154,,,,,,
411,I,35,20,20,34,1,,72.35808627,72,7.433502284,,66,80,69.70778015,,,,,,
412,I,35,20,20,34,1,,72.48328697,73,7.439525592,,66,80,69.82734296,,,,,,
413,I,35,20,20,34,1,,72.6084,73,7.445539161,,66,80,69.94682025,,,,,,
414,I,35,20,20,34,1,,72.73342564,73,7.45154303,,66,80,70.06621228,,,,,,
415,I,35,20,20,34,1,,72.85836414,73,7.457537238,,66,80,70.18551933,,,,,,
416,I,35,20,20,34,1,,72.9832158,73,7.463521824,,66,80,70.30474166,,,,,,
417,I,35,20,20,34,1,,73.10798087,73,7.469496827,,66,80,70.42387954,,,,,,
418,I,35,20,20,34,1,,73.23265962,73,7.475462285,,66,80,70.54293321,,,,,,
419,I,35,20,20,34,1,,73.35725231,73,7.481418235,,67,80,70.66190296,,,,,,
420,I,35,20,20,34,1,,73.48175922,74,7.487364716,,67,80,70.78078902,,,,,,
421,I,35,20,20,34,1,,73.60618061,74,7.493301765,,67,80,70.89959167,,,,,,
422,I,35,20,20,34,1,,73.73051673,74,7.499229419,,67,80,71.01831116,,,,,,
423,I,35,20,20,34,1,,73.85476785,74,7.505147716,,67,80,71.13694774,,,,,,
424,I,35,20,20,34,1,,73.97893423,74,7.511056693,,67,80,71.25550167,,,,,,
425,I,35,20,20,34,1,,74.10301611,74,7.516956385,,67,80,71.3739732,,,,,,
426,I,35,20,20,34,1,,74.22701377,74,7.52284683,,67,80,71.49236258,,,,,,
427,I,35,20,20,34,1,,74.35092746,74,7.528728063,,68,80,71.61067007,,,,,,
428,I,35,20,20,34,1,,74.47475742,75,7.534600121,,68,80,71.7288959,,,,,,
429,I,35,20,20,35,0,,74.59850391,75,7.540463039,,68,80,71.84704032,,,,,,
430,II,36,20,20,35,1,,74.72216718,75,7.546316852,,68,80,71.96510359,,,,,,
431,I,36,20,20,35,1,,74.84574748,75,7.552161596,,68,80,72.08308594,,,,,,
432,I,36,20,20,35,1,,74.96924505,75,7.557997307,,68,80,72.20098763,,,,,,
433,I,36,20,20,35,1,,75.09266015,75,7.563824018,,68,80,72.31880888,,,,,,
434,I,36,20,20,35,1,,75.21599303,75,7.569641764,,68,80,72.43654994,,,,,,
435,I,36,20,20,35,1,,75.33924391,75,7.57545058,,69,80,72.55421105,,,,,,
436,I,36,20,20,35,1,,75.46241305,76,7.5812505,,69,80,72.67179246,,,,,,
437,I,36,20,20,35,1,,75.58550069,76,7.587041558,,69,80,72.78929438,,,,,,
438,I,36,20,20,35,1,,75.70850707,76,7.592823788,,69,80,72.90671707,,,,,,
439,I,36,20,20,35,1,,75.83143242,76,7.598597223,,69,81,73.02406075,,,,,,
440,I,36,20,20,35,1,,75.95427699,76,7.604361897,,69,81,73.14132565,,,,,,
441,I,36,21,21,35,1,,76.07704101,76,7.610117843,,69,81,73.25851202,,,,,,
442,I,36,21,21,35,1,,76.19972472,76,7.615865093,,69,81,73.37562007,,,,,,
443,I,36,21,21,35,1,,76.32232835,76,7.621603681,,70,81,73.49265005,,,,,,
444,I,36,21,21,35,1,,76.44485213,77,7.627333639,,70,81,73.60960217,,,,,,
445,I,36,21,21,35,1,,76.5672963,77,7.633054999,,70,81,73.72647666,,,,,,
446,I,36,21,21,35,1,,76.68966108,77,7.638767794,,70,81,73.84327375,,,,,,
447,I,36,21,21,35,1,,76.81194671,77,7.644472056,,70,81,73.95999367,,,,,,
448,I,36,21,21,35,1,,76.93415341,77,7.650167816,,70,81,74.07663663,,,,,,
449,I,36,21,21,35,1,,77.05628142,77,7.655855106,,70,81,74.19320287,,,,,,
450,I,36,21,21,36,0,,77.17833094,77,7.661533958,,70,81,74.30969259,,,,,,
451,I,36,21,21,36,0,,77.30030222,77,7.667204402,,71,81,74.42610603,,,,,,
452,II,37,21,21,36,1,,77.42219548,78,7.672866471,,71,81,74.5424434,,,,,,
453,I,37,21,21,36,1,,77.54401092,78,7.678520193,,71,81,74.65870491,,,,,,
454,I,37,21,21,36,1,,77.66574879,78,7.684165601,,71,81,74.77489079,,,,,,
455,I,37,21,21,36,1,,77.7874093,78,7.689802725,,71,81,74.89100125,,,,,,
456,I,37,21,21,36,1,,77.90899266,78,7.695431595,,71,81,75.00703651,,,,,,
457,I,37,21,21,36,1,,78.03049909,78,7.701052241,,71,81,75.12299677,,,,,,
458,I,37,21,21,36,1,,78.15192882,78,7.706664693,,71,81,75.23888226,,,,,,
459,I,37,21,21,36,1,,78.27328206,78,7.712268982,,72,81,75.35469317,,,,,,
460,I,37,21,21,36,1,,78.39455901,79,7.717865136,,72,81,75.47042973,,,,,,
461,I,37,21,21,36,1,,78.51575991,79,7.723453185,,72,81,75.58609214,,,,,,
462,I,37,21,21,36,1,,78.63688495,79,7.729033158,,72,81,75.70168062,,,,,,
463,I,37,21,21,36,1,,78.75793435,79,7.734605085,,72,81,75.81719535,,,,,,
464,I,37,21,21,36,1,,78.87890832,79,7.740168994,,72,81,75.93263656,,,,,,
465,I,37,21,21,36,1,,78.99980707,79,7.745724915,,72,81,76.04800445,,,,,,
466,I,37,21,21,36,1,,79.12063081,79,7.751272875,,72,81,76.16329922,,,,,,
467,I,37,21,21,36,1,,79.24137974,79,7.756812904,,73,81,76.27852108,,,,,,
468,I,37,21,21,36,1,,79.36205408,80,7.762345029,,73,81,76.39367022,,,,,,
469,I,37,21,21,36,1,,79.48265402,80,7.767869279,,73,81,76.50874686,,,,,,
470,I,37,21,21,36,1,,79.60317978,80,7.773385682,,73,81,76.62375118,,,,,,
471,I,37,21,21,36,1,,79.72363155,80,7.778894265,,73,81,76.73868339,,,,,,
472,I,37,21,21,37,0,,79.84400953,80,7.784395056,,73,81,76.85354369,,,,,,
473,I,37,21,21,37,0,,79.96431394,80,7.789888083,,73,82,76.96833226,,,,,,
474,II,38,21,21,37,1,,80.08454496,80,7.795373372,,73,82,77.08304932,,,,,,
475,I,38,21,21,37,1,,80.2047028,80,7.800850952,,74,82,77.19769506,,,,,,
476,I,38,21,21,37,1,,80.32478766,81,7.806320849,,74,82,77.31226966,,,,,,
477,I,38,21,21,37,1,,80.44479973,81,7.81178309,,74,82,77.42677332,,,,,,
478,I,38,21,21,37,1,,80.56473922,81,7.817237702,,74,82,77.54120625,,,,,,
479,I,38,21,21,37,1,,80.68460631,81,7.822684711,,74,82,77.65556861,,,,,,
480,I,38,21,21,37,1,,80.8044012,81,7.828124144,,74,82,77.76986062,,,,,,
481,I,38,21,21,37,1,,80.92412408,81,7.833556028,,74,82,77.88408245,,,,,,
482,I,38,21,21,37,1,,81.04377516,81,7.838980387,,74,82,77.9982343,,,,,,
483,I,38,21,21,37,1,,81.16335461,81,7.844397248,,75,82,78.11231635,,,,,,
484,I,38,22,22,37,1,,81.28286264,82,7.849806638,,75,82,78.22632879,,,,,,
485,I,38,22,22,37,1,,81.40229942,82,7.855208582,,75,82,78.34027181,,,,,,
486,I,38,22,22,37,1,,81.52166515,82,7.860603104,,75,82,78.4541456,,,,,,
487,I,38,22,22,37,1,,81.64096003,82,7.865990232,,75,82,78.56795032,,,,,,
488,I,38,22,22,37,1,,81.76018423,82,7.87136999,,75,82,78.68168618,,,,,,
489,I,38,22,22,37,1,,81.87933794,82,7.876742403,,75,82,78.79535336,,,,,,
490,I,38,22,22,37,1,,81.99842135,82,7.882107496,,75,82,78.90895202,,,,,,
491,I,38,22,22,37,1,,82.11743464,82,7.887465294,,76,82,79.02248237,,,,,,
492,I,38,22,22,37,1,,82.236378,83,7.892815823,,76,82,79.13594457,,,,,,
493,I,38,22,22,37,1,,82.35525161,83,7.898159106,,76,82,79.2493388,,,,,,
494,I,38,22,22,38,0,,82.47405565,83,7.903495167,,76,82,79.36266525,,,,,,
495,I,38,22,22,38,0,,82.59279031,83,7.908824032,,76,82,79.47592409,,,,,,
496,I,38,22,22,38,0,,82.71145576,83,7.914145725,,76,82,79.5891155,,,,,,
497,II,39,22,22,38,1,,82.83005218,83,7.919460269,,76,82,79.70223965,,,,,,
498,I,39,22,22,38,1,,82.94857976,83,7.924767689,,76,82,79.81529672,,,,,,
499,I,39,22,22,38,1,,83.06703866,83,7.930068009,,77,82,79.92828689,,,,,,
500,I,39,22,22,38,1,,83.18542908,84,7.935361251,,77,82,80.04121032,,,,,,
501,I,39,22,22,38,1,,83.30375118,84,7.94064744,,77,82,80.15406719,,,,,,
502,I,39,22,22,38,1,,83.42200514,84,7.945926599,,77,82,80.26685767,,,,,,
503,I,39,22,22,38,1,,83.54019113,84,7.951198752,,77,82,80.37958194,,,,,,
504,I,39,22,22,38,1,,83.65830934,84,7.956463921,,77,82,80.49224016,,,,,,
505,I,39,22,22,38,1,,83.77635993,84,7.96172213,,77,82,80.6048325,,,,,,
506,I,39,22,22,38,1,,83.89434307,84,7.966973402,,77,82,80.71735914,,,,,,
507,I,39,22,22,38,1,,84.01225894,84,7.972217759,,78,82,80.82982023,,,,,,
508,I,39,22,22,38,1,,84.13010771,85,7.977455225,,78,82,80.94221596,,,,,,
509,I,39,22,22,38,1,,84.24788954,85,7.982685821,,78,82,81.05454647,,,,,,
510,I,39,22,22,38,1,,84.36560461,85,7.987909571,,78,82,81.16681195,,,,,,
511,I,39,22,22,38,1,,84.48325309,85,7.993126496,,78,83,81.27901255,,,,,,
512,I,39,22,22,38,1,,84.60083514,85,7.99833662,,78,83,81.39114844,,,,,,
513,I,39,22,22,38,1,,84.71835094,85,8.003539963,,78,83,81.50321978,,,,,,
514,I,39,22,22,38,1,,84.83580064,85,8.008736549,,78,83,81.61522674,,,,,,
515,I,39,22,22,38,1,,84.95318441,85,8.013926398,,79,83,81.72716948,,,,,,
516,I,39,22,22,39,0,,85.07050242,85,8.019109533,,79,83,81.83904816,,,,,,
517,I,39,22,22,39,0,,85.18775484,86,8.024285976,,79,83,81.95086293,,,,,,
518,I,39,22,22,39,0,,85.30494181,86,8.029455747,,79,83,82.06261397,,,,,,
519,I,39,22,22,39,0,,85.42206352,86,8.034618869,,79,83,82.17430142,,,,,,
520,II,40,22,22,39,1,,85.53912012,86,8.039775363,,79,83,82.28592545,,,,,,
521,I,40,22,22,39,1,,85.65611177,86,8.04492525,,79,83,82.39748622,,,,,,
522,I,40,22,22,39,1,,85.77303863,86,8.050068551,,79,83,82.50898388,,,,,,
523,I,40,22,22,39,1,,85.88990086,86,8.055205287,,80,83,82.62041859,,,,,,
524,I,40,22,22,39,1,,86.00669863,86,8.060335479,,80,83,82.73179051,,,,,,
525,I,40,22,22,39,1,,86.12343208,86,8.065459148,,80,83,82.84309979,,,,,,
526,I,40,22,22,39,1,,86.24010138,87,8.070576315,,80,83,82.95434658,,,,,,
527,I,40,22,22,39,1,,86.35670669,87,8.075687,,80,83,83.06553104,,,,,,
528,I,40,22,22,39,1,,86.47324816,87,8.080791223,,80,83,83.17665332,,,,,,
529,I,40,23,23,39,1,,86.58972594,87,8.085889005,,80,83,83.28771357,,,,,,
530,I,40,23,23,39,1,,86.7061402,87,8.090980367,,80,83,83.39871195,,,,,,
531,I,40,23,23,39,1,,86.82249108,87,8.096065328,,81,83,83.50964861,,,,,,
532,I,40,23,23,39,1,,86.93877874,87,8.101143909,,81,83,83.62052369,,,,,,
533,I,40,23,23,39,1,,87.05500334,87,8.106216129,,81,83,83.73133736,,,,,,
534,I,40,23,23,39,1,,87.17116502,87,8.111282008,,81,83,83.84208974,,,,,,
535,I,40,23,23,39,1,,87.28726394,88,8.116341567,,81,83,83.95278101,,,,,,
536,I,40,23,23,39,1,,87.40330024,88,8.121394825,,81,83,84.06341129,,,,,,
537,I,40,23,23,39,1,,87.51927409,88,8.126441801,,81,83,84.17398075,,,,,,
538,I,40,23,23,39,1,,87.63518563,88,8.131482515,,81,83,84.28448952,,,,,,
539,I,40,23,23,40,0,,87.751035,88,8.136516986,,82,83,84.39493776,,,,,,
540,I,40,23,23,40,0,,87.86682236,88,8.141545234,,82,83,84.5053256,,,,,,
541,I,40,23,23,40,0,,87.98254785,88,8.146567278,,82,83,84.61565319,,,,,,
542,I,40,23,23,40,0,,88.09821163,88,8.151583137,,82,83,84.72592069,,,,,,
543,I,40,23,23,40,0,,88.21381384,88,8.156592829,,82,83,84.83612822,,,,,,
544,II,41,23,23,40,1,,88.32935462,89,8.161596375,,82,83,84.94627594,,,,,,
545,I,41,23,23,40,1,,88.44483412,89,8.166593792,,82,83,85.05636398,,,,,,
546,I,41,23,23,40,1,,88.56025248,89,8.171585099,,82,83,85.16639249,,,,,,
547,I,41,23,23,40,1,,88.67560985,89,8.176570315,,83,83,85.27636161,,,,,,
548,I,41,23,23,40,1,,88.79090638,89,8.181549459,,83,83,85.38627148,,,,,,
549,I,41,23,23,40,1,,88.9061422,89,8.186522549,,83,83,85.49612224,,,,,,
550,I,41,23,23,40,1,,89.02131747,89,8.191489604,,83,83,85.60591402,,,,,,
551,I,41,23,23,40,1,,89.13643231,89,8.196450641,,83,84,85.71564698,,,,,,
552,I,41,23,23,40,1,,89.25148687,89,8.201405679,,83,84,85.82532123,,,,,,
553,I,41,23,23,40,1,,89.36648129,90,8.206354736,,83,84,85.93493694,,,,,,
554,I,41,23,23,40,1,,89.48141572,90,8.21129783,,83,84,86.04449422,,,,,,
555,I,41,23,23,40,1,,89.59629029,90,8.216234978,,84,84,86.15399322,,,,,,
556,I,41,23,23,40,1,,89.71110514,90,8.2211662,,84,84,86.26343407,,,,,,
557,I,41,23,23,40,1,,89.82586041,90,8.226091512,,84,84,86.37281691,,,,,,
558,I,41,23,23,40,1,,89.94055624,90,8.231010932,,84,84,86.48214187,,,,,,
559,I,41,23,23,40,1,,90.05519276,90,8.235924478,,84,84,86.59140909,,,,,,
560,I,41,23,23,40,1,,90.16977011,90,8.240832167,,84,84,86.7006187,,,,,,
561,I,41,23,23,40,1,,90.28428842,90,8.245734017,,84,84,86.80977084,,,,,,
562,I,41,23,23,41,0,,90.39874784,91,8.250630045,,84,84,86.91886563,,,,,,
563,I,41,23,23,41,0,,90.5131485,91,8.255520269,,85,84,87.02790321,,,,,,
564,I,41,23,23,41,0,,90.62749053,91,8.260404704,,85,84,87.13688371,,,,,,
565,I,41,23,23,41,0,,90.74177407,91,8.26528337,,85,84,87.24580726,,,,,,
566,I,41,23,23,41,0,,90.85599924,91,8.270156282,,85,84,87.35467399,,,,,,
567,I,41,23,23,41,0,,90.97016619,91,8.275023457,,85,84,87.46348404,,,,,,
568,II,42,23,23,41,1,,91.08427504,91,8.279884913,,85,84,87.57223753,,,,,,
569,I,42,23,23,41,1,,91.19832593,91,8.284740665,,85,84,87.68093458,,,,,,
570,I,42,23,23,41,1,,91.31231898,91,8.289590732,,85,84,87.78957534,,,,,,
571,I,42,23,23,41,1,,91.42625433,92,8.294435129,,86,84,87.89815992,,,,,,
572,I,42,23,23,41,1,,91.54013211,92,8.299273873,,86,84,88.00668845,,,,,,
573,I,42,23,23,41,1,,91.65395245,92,8.304106981,,86,84,88.11516107,,,,,,
574,I,42,23,23,41,1,,91.76771548,92,8.308934468,,86,84,88.22357789,,,,,,
575,I,42,23,23,41,1,,91.88142132,92,8.313756352,,86,84,88.33193904,,,,,,
576,I,42,24,24,41,1,,91.99507011,92,8.318572647,,86,84,88.44024465,,,,,,
577,I,42,24,24,41,1,,92.10866196,92,8.323383372,,86,84,88.54849485,,,,,,
578,I,42,24,24,41,1,,92.22219702,92,8.328188541,,86,84,88.65668975,,,,,,
579,I,42,24,24,41,1,,92.3356754,92,8.33298817,,87,84,88.76482948,,,,,,
580,I,42,24,24,41,1,,92.44909723,93,8.337782276,,87,84,88.87291417,,,,,,
581,I,42,24,24,41,1,,92.56246264,93,8.342570875,,87,84,88.98094394,,,,,,
582,I,42,24,24,41,1,,92.67577175,93,8.347353982,,87,84,89.0889189,,,,,,
583,I,42,24,24,41,1,,92.78902469,93,8.352131612,,87,84,89.19683919,,,,,,
584,I,42,24,24,41,1,,92.90222158,93,8.356903783,,87,84,89.30470491,,,,,,
585,I,42,24,24,41,1,,93.01536254,93,8.361670508,,87,84,89.4125162,,,,,,
586,I,42,24,24,42,0,,93.1284477,93,8.366431804,,87,84,89.52027318,,,,,,
587,I,42,24,24,42,0,,93.24147718,93,8.371187686,,88,84,89.62797596,,,,,,
588,I,42,24,24,42,0,,93.3544511,93,8.37593817,,88,84,89.73562466,,,,,,
589,I,42,24,24,42,0,,93.46736959,94,8.38068327,,88,84,89.84321941,,,,,,
590,I,42,24,24,42,0,,93.58023276,94,8.385423003,,88,84,89.95076032,,,,,,
591,I,42,24,24,42,0,,93.69304074,94,8.390157382,,88,84,90.0582475,,,,,,
592,I,42,24,24,42,0,,93.80579365,94,8.394886424,,88,84,90.16568109,,,,,,
593,II,43,24,24,42,1,,93.9184916,94,8.399610143,,88,84,90.27306119,,,,,,
594,I,43,24,24,42,1,,94.03113471,94,8.404328554,,88,84,90.38038791,,,,,,
595,I,43,24,24,42,1,,94.14372312,94,8.409041672,,89,85,90.48766139,,,,,,
596,I,43,24,24,42,1,,94.25625692,94,8.413749512,,89,85,90.59488173,,,,,,
597,I,43,24,24,42,1,,94.36873625,94,8.418452089,,89,85,90.70204905,,,,,,
598,I,43,24,24,42,1,,94.48116121,95,8.423149417,,89,85,90.80916346,,,,,,
599,I,43,24,24,42,1,,94.59353193,95,8.427841511,,89,85,90.91622508,,,,,,
600,I,43,24,24,42,1,,94.70584852,95,8.432528385,,89,85,91.02323402,,,,,,
601,I,43,24,24,42,1,,94.81811111,95,8.437210054,,89,85,91.1301904,,,,,,
602,I,43,24,24,42,1,,94.93031979,95,8.441886533,,89,85,91.23709433,,,,,,
603,I,43,24,24,42,1,,95.0424747,95,8.446557836,,90,85,91.34394592,,,,,,
604,I,43,24,24,42,1,,95.15457594,95,8.451223977,,90,85,91.45074528,,,,,,
605,I,43,24,24,42,1,,95.26662363,95,8.45588497,,90,85,91.55749253,,,,,,
606,I,43,24,24,42,1,,95.37861788,95,8.460540829,,90,85,91.66418777,,,,,,
607,I,43,24,24,42,1,,95.49055881,96,8.465191569,,90,85,91.77083113,,,,,,
608,I,43,24,24,42,1,,95.60244653,96,8.469837204,,90,85,91.8774227,,,,,,
609,I,43,24,24,42,1,,95.71428115,96,8.474477747,,90,85,91.98396261,,,,,,
610,I,43,24,24,43,0,,95.82606279,96,8.479113213,,90,85,92.09045095,,,,,,
611,I,43,24,24,43,0,,95.93779155,96,8.483743616,,91,85,92.19688785,,,,,,
612,I,43,24,24,43,0,,96.04946755,96,8.488368968,,91,85,92.3032734,,,,,,
613,I,43,24,24,43,0,,96.16109091,96,8.492989285,,91,85,92.40960771,,,,,,
614,I,43,24,24,43,0,,96.27266172,96,8.497604579,,91,85,92.5158909,,,,,,
615,I,43,24,24,43,0,,96.3841801,96,8.502214865,,91,85,92.62212308,,,,,,
616,I,43,24,24,43,0,,96.49564616,97,8.506820155,,91,85,92.72830434,,,,,,
617,I,43,24,24,43,0,,96.60706002,97,8.511420464,,91,85,92.8344348,,,,,,
618,II,44,24,24,43,1,,96.71842177,97,8.516015804,,91,85,92.94051457,,,,,,
619,I,44,24,24,43,1,,96.82973153,97,8.52060619,,92,85,93.04654374,,,,,,
620,I,44,24,24,43,1,,96.9409894,97,8.525191634,,92,85,93.15252243,,,,,,
621,I,44,24,24,43,1,,97.0521955,97,8.529772151,,92,85,93.25845074,,,,,,
622,I,44,24,24,43,1,,97.16334992,97,8.534347752,,92,85,93.36432878,,,,,,
623,I,44,24,24,43,1,,97.27445279,97,8.538918451,,92,85,93.47015664,,,,,,
624,I,44,24,24,43,1,,97.3855042,97,8.543484262,,92,85,93.57593444,,,,,,
625,I,44,25,25,43,1,,97.49650426,98,8.548045197,,92,85,93.68166228,,,,,,
626,I,44,25,25,43,1,,97.60745308,98,8.552601269,,92,85,93.78734026,,,,,,
627,I,44,25,25,43,1,,97.71835076,98,8.557152492,,93,85,93.89296849,,,,,,
628,I,44,25,25,43,1,,97.8291974,98,8.561698878,,93,85,93.99854706,,,,,,
629,I,44,25,25,43,1,,97.93999312,98,8.56624044,,93,85,94.10407609,,,,,,
630,I,44,25,25,43,1,,98.05073801,98,8.57077719,,93,85,94.20955567,,,,,,
631,I,44,25,25,43,1,,98.16143219,98,8.575309142,,93,85,94.3149859,,,,,,
632,I,44,25,25,43,1,,98.27207574,98,8.579836309,,93,85,94.42036688,,,,,,
633,I,44,25,25,43,1,,98.38266879,98,8.584358702,,93,85,94.52569872,,,,,,
634,I,44,25,25,44,0,,98.49321142,99,8.588876334,,93,85,94.63098152,,,,,,
635,I,44,25,25,44,0,,98.60370374,99,8.593389218,,94,85,94.73621538,,,,,,
636,I,44,25,25,44,0,,98.71414586,99,8.597897367,,94,85,94.84140039,,,,,,
637,I,44,25,25,44,0,,98.82453787,99,8.602400792,,94,85,94.94653665,,,,,,
638,I,44,25,25,44,0,,98.93487989,99,8.606899507,,94,85,95.05162427,,,,,,
639,I,44,25,25,44,0,,99.04517199,99,8.611393522,,94,85,95.15666335,,,,,,
640,I,44,25,25,44,0,,99.1554143,99,8.615882852,,94,85,95.26165397,,,,,,
641,I,44,25,25,44,0,,99.26560691,99,8.620367507,,94,86,95.36659625,,,,,,
642,I,44,25,25,44,0,,99.37574991,99,8.6248475,,94,86,95.47149027,,,,,,
643,I,44,25,25,44,0,,99.48584342,100,8.629322843,,95,86,95.57633614,,,,,,
644,II,45,25,25,44,1,,99.59588752,100,8.633793549,,95,86,95.68113395,,,,,,
645,I,45,25,25,44,1,,99.70588231,100,8.638259628,,95,86,95.7858838,,,,,,
646,I,45,25,25,44,1,,99.81582791,100,8.642721094,,95,86,95.89058578,,,,,,
647,I,45,25,25,44,1,,99.92572439,100,8.647177957,,95,86,95.99524,,,,,,
648,I,45,25,25,44,1,,100.0355719,100,8.65163023,,95,86,96.09984654,,,,,,
649,I,45,25,25,44,1,,100.1453704,100,8.656077925,,95,86,96.2044055,,,,,,
650,I,45,25,25,44,1,,100.2551202,100,8.660521053,,95,86,96.30891697,,,,,,
651,I,45,25,25,44,1,,100.3648212,100,8.664959626,,96,86,96.41338106,,,,,,
652,I,45,25,25,44,1,,100.4744736,101,8.669393656,,96,86,96.51779786,,,,,,
653,I,45,25,25,44,1,,100.5840775,101,8.673823154,,96,86,96.62216745,,,,,,
654,I,45,25,25,44,1,,100.693633,101,8.678248132,,96,86,96.72648993,,,,,,
655,I,45,25,25,44,1,,100.8031401,101,8.682668602,,96,86,96.8307654,,,,,,
656,I,45,25,25,44,1,,100.9125989,101,8.687084574,,96,86,96.93499395,,,,,,
657,I,45,25,25,44,1,,101.0220097,101,8.691496061,,96,86,97.03917567,,,,,,
658,I,45,25,25,44,1,,101.1313724,101,8.695903073,,96,86,97.14331065,,,,,,
659,I,45,25,25,45,0,,101.2406871,101,8.700305622,,97,86,97.24739899,,,,,,
660,I,45,25,25,45,0,,101.349954,101,8.70470372,,97,86,97.35144077,,,,,,
661,I,45,25,25,45,0,,101.4591731,102,8.709097377,,97,86,97.4554361,,,,,,
662,I,45,25,25,45,0,,101.5683445,102,8.713486605,,97,86,97.55938505,,,,,,
663,I,45,25,25,45,0,,101.6774683,102,8.717871414,,97,86,97.66328773,,,,,,
664,I,45,25,25,45,0,,101.7865447,102,8.722251816,,97,86,97.76714421,,,,,,
665,I,45,25,25,45,0,,101.8955736,102,8.726627823,,97,86,97.87095459,,,,,,
666,I,45,25,25,45,0,,102.0045553,102,8.730999444,,97,86,97.97471897,,,,,,
667,I,45,25,25,45,0,,102.1134897,102,8.735366692,,98,86,98.07843742,,,,,,
668,I,45,25,25,45,0,,102.222377,102,8.739729576,,98,86,98.18211004,,,,,,
669,I,45,25,25,45,0,,102.3312173,102,8.744088108,,98,86,98.28573692,,,,,,
670,II,46,25,25,45,1,,102.4400106,103,8.748442299,,98,86,98.38931815,,,,,,
671,I,46,25,25,45,1,,102.5487571,103,8.752792159,,98,86,98.49285381,,,,,,
672,I,46,25,25,45,1,,102.6574568,103,8.757137699,,98,86,98.59634399,,,,,,
673,I,46,25,25,45,1,,102.7661098,103,8.76147893,,98,86,98.69978878,,,,,,
674,I,46,25,25,45,1,,102.8747163,103,8.765815863,,98,86,98.80318827,,,,,,
675,I,46,25,25,45,1,,102.9832762,103,8.770148508,,99,86,98.90654255,,,,,,
676,I,46,26,26,45,1,,103.0917898,103,8.774476875,,99,86,99.00985169,,,,,,
677,I,46,26,26,45,1,,103.200257,103,8.778800976,,99,86,99.11311579,,,,,,
678,I,46,26,26,45,1,,103.308678,103,8.783120821,,99,86,99.21633494,,,,,,
679,I,46,26,26,45,1,,103.4170529,104,8.78743642,,99,86,99.31950921,,,,,,
680,I,46,26,26,45,1,,103.5253817,104,8.791747783,,99,86,99.4226387,,,,,,
681,I,46,26,26,45,1,,103.6336646,104,8.796054922,,99,86,99.52572349,,,,,,
682,I,46,26,26,45,1,,103.7419015,104,8.800357846,,99,86,99.62876366,,,,,,
683,I,46,26,26,45,1,,103.8500927,104,8.804656565,,100,86,99.73175931,,,,,,
684,I,46,26,26,46,0,,103.9582382,104,8.808951091,,100,86,99.83471051,,,,,,
685,I,46,26,26,46,0,,104.066338,104,8.813241433,,100,86,99.93761734,,,,,,
686,I,46,26,26,46,0,,104.1743924,104,8.817527601,,100,86,100.0404799,,,,,,
687,I,46,26,26,46,0,,104.2824012,104,8.821809605,,100,86,100.1432983,,,,,,
688,I,46,26,26,46,0,,104.3903647,105,8.826087456,,100,86,100.2460725,,,,,,
689,I,46,26,26,46,0,,104.498283,105,8.830361163,,100,86,100.3488027,,,,,,
690,I,46,26,26,46,0,,104.606156,105,8.834630737,,100,86,100.451489,,,,,,
691,I,46,26,26,46,0,,104.7139839,105,8.838896188,,101,86,100.5541314,,,,,,
692,I,46,26,26,46,0,,104.8217668,105,8.843157525,,101,87,100.6567301,,,,,,
693,I,46,26,26,46,0,,104.9295048,105,8.847414759,,101,87,100.759285,,,,,,
694,I,46,26,26,46,0,,105.0371979,105,8.851667899,,101,87,100.8617963,,,,,,
695,I,46,26,26,46,0,,105.1448462,105,8.855916955,,101,87,100.9642641,,,,,,
696,I,46,26,26,46,0,,105.2524498,105,8.860161937,,101,87,101.0666884,,,,,,
697,II,47,26,26,46,1,,105.3600088,106,8.864402855,,101,87,101.1690694,,,,,,
698,I,47,26,26,46,1,,105.4675233,106,8.868639718,,101,87,101.271407,,,,,,
699,I,47,26,26,46,1,,105.5749934,106,8.872872536,,102,87,101.3737015,,,,,,
700,I,47,26,26,46,1,,105.6824191,106,8.877101319,,102,87,101.4759528,,,,,,
701,I,47,26,26,46,1,,105.7898005,106,8.881326076,,102,87,101.5781611,,,,,,
702,I,47,26,26,46,1,,105.8971377,106,8.885546817,,102,87,101.6803264,,,,,,
703,I,47,26,26,46,1,,106.0044308,106,8.889763552,,102,87,101.7824487,,,,,,
704,I,47,26,26,46,1,,106.1116798,106,8.893976289,,102,87,101.8845283,,,,,,
705,I,47,26,26,46,1,,106.2188849,106,8.898185038,,102,87,101.9865652,,,,,,
706,I,47,26,26,46,1,,106.3260461,107,8.90238981,,102,87,102.0885593,,,,,,
707,I,47,26,26,46,1,,106.4331635,107,8.906590612,,103,87,102.1905109,,,,,,
708,I,47,26,26,46,1,,106.5402372,107,8.910787456,,103,87,102.29242,,,,,,
709,I,47,26,26,47,0,,106.6472673,107,8.914980348,,103,87,102.3942867,,,,,,
710,I,47,26,26,47,0,,106.7542538,107,8.919169301,,103,87,102.496111,,,,,,
711,I,47,26,26,47,0,,106.8611968,107,8.923354321,,103,87,102.5978931,,,,,,
712,I,47,26,26,47,0,,106.9680965,107,8.927535419,,103,87,102.699633,,,,,,
713,I,47,26,26,47,0,,107.0749528,107,8.931712604,,103,87,102.8013307,,,,,,
714,I,47,26,26,47,0,,107.1817658,107,8.935885884,,103,87,102.9029864,,,,,,
715,I,47,26,26,47,0,,107.2885357,108,8.94005527,,104,87,103.0046002,,,,,,
716,I,47,26,26,47,0,,107.3952626,108,8.94422077,,104,87,103.106172,,,,,,
717,I,47,26,26,47,0,,107.5019464,108,8.948382392,,104,87,103.2077021,,,,,,
718,I,47,26,26,47,0,,107.6085872,108,8.952540147,,104,87,103.3091904,,,,,,
719,I,47,26,26,47,0,,107.7151852,108,8.956694043,,104,87,103.410637,,,,,,
720,I,47,26,26,47,0,,107.8217405,108,8.960844089,,104,87,103.5120421,,,,,,
721,I,47,26,26,47,0,,107.928253,108,8.964990294,,104,87,103.6134056,,,,,,
722,I,47,26,26,47,0,,108.0347229,108,8.969132667,,104,87,103.7147278,,,,,,
723,I,47,26,26,47,0,,108.1411503,108,8.973271217,,105,87,103.8160085,,,,,,
724,II,48,26,26,47,1,,108.2475351,109,8.977405952,,105,87,103.917248,,,,,,
725,I,48,26,26,47,1,,108.3538776,109,8.981536881,,105,87,104.0184462,,,,,,
726,I,48,26,26,47,1,,108.4601778,109,8.985664013,,105,87,104.1196033,,,,,,
727,I,48,26,26,47,1,,108.5664357,109,8.989787357,,105,87,104.2207194,,,,,,
728,I,48,26,26,47,1,,108.6726514,109,8.993906922,,105,87,104.3217944,,,,,,
729,I,48,27,27,47,1,,108.7788251,109,8.998022715,,105,87,104.4228285,,,,,,
730,I,48,27,27,47,1,,108.8849567,109,9.002134746,,105,87,104.5238218,,,,,,
731,I,48,27,27,47,1,,108.9910463,109,9.006243023,,106,87,104.6247743,,,,,,
732,I,48,27,27,47,1,,109.0970941,109,9.010347556,,106,87,104.7256861,,,,,,
733,I,48,27,27,47,1,,109.2031001,109,9.014448351,,106,87,104.8265573,,,,,,
734,I,48,27,27,47,1,,109.3090644,110,9.018545418,,106,87,104.9273879,,,,,,
735,I,48,27,27,48,0,,109.414987,110,9.022638766,,106,87,105.028178,,,,,,
736,I,48,27,27,48,0,,109.520868,110,9.026728402,,106,87,105.1289277,,,,,,
737,I,48,27,27,48,0,,109.6267075,110,9.030814335,,106,87,105.229637,,,,,,
738,I,48,27,27,48,0,,109.7325056,110,9.034896574,,106,87,105.3303061,,,,,,
739,I,48,27,27,48,0,,109.8382623,110,9.038975127,,107,87,105.430935,,,,,,
740,I,48,27,27,48,0,,109.9439777,110,9.043050002,,107,87,105.5315237,,,,,,
741,I,48,27,27,48,0,,110.0496519,110,9.047121207,,107,87,105.6320724,,,,,,
742,I,48,27,27,48,0,,110.1552849,110,9.051188751,,107,87,105.7325811,,,,,,
743,I,48,27,27,48,0,,110.2608769,110,9.055252641,,107,87,105.8330498,,,,,,
744,I,48,27,27,48,0,,110.3664279,111,9.059312887,,107,87,105.9334787,,,,,,
745,I,48,27,27,48,0,,110.4719379,111,9.063369496,,107,87,106.0338678,,,,,,
746,I,48,27,27,48,0,,110.577407,111,9.067422477,,107,87,106.1342172,,,,,,
747,I,48,27,27,48,0,,110.6828354,111,9.071471836,,108,88,106.234527,,,,,,
748,I,48,27,27,48,0,,110.7882231,111,9.075517584,,108,88,106.3347971,,,,,,
749,I,48,27,27,48,0,,110.89357,111,9.079559727,,108,88,106.4350278,,,,,,
750,I,48,27,27,48,0,,110.9988764,111,9.083598273,,108,88,106.535219,,,,,,
751,I,48,27,27,48,0,,111.1041423,111,9.087633232,,108,88,106.6353708,,,,,,
752,II,49,27,27,48,1,,111.2093678,111,9.091664609,,108,88,106.7354834,,,,,,
753,I,49,27,27,48,1,,111.3145528,111,9.095692415,,108,88,106.8355567,,,,,,
754,I,49,27,27,48,1,,111.4196976,112,9.099716655,,108,88,106.9355908,,,,,,
755,I,49,27,27,48,1,,111.5248021,112,9.103737339,,109,88,107.0355858,,,,,,
756,I,49,27,27,48,1,,111.6298665,112,9.107754474,,109,88,107.1355418,,,,,,
757,I,49,27,27,48,1,,111.7348907,112,9.111768068,,109,88,107.2354588,,,,,,
758,I,49,27,27,48,1,,111.839875,112,9.115778129,,109,88,107.3353369,,,,,,
759,I,49,27,27,48,1,,111.9448192,112,9.119784664,,109,88,107.4351762,,,,,,
760,I,49,27,27,48,1,,112.0497236,112,9.123787681,,109,88,107.5349767,,,,,,
761,I,49,27,27,49,0,,112.1545881,112,9.127787189,,109,88,107.6347385,,,,,,
762,I,49,27,27,49,0,,112.2594129,112,9.131783194,,109,88,107.7344616,,,,,,
763,I,49,27,27,49,0,,112.364198,112,9.135775704,,110,88,107.8341462,,,,,,
764,I,49,27,27,49,0,,112.4689434,113,9.139764727,,110,88,107.9337923,,,,,,
765,I,49,27,27,49,0,,112.5736493,113,9.143750271,,110,88,108.0333999,,,,,,
766,I,49,27,27,49,0,,112.6783157,113,9.147732343,,110,88,108.1329692,,,,,,
767,I,49,27,27,49,0,,112.7829427,113,9.15171095,,110,88,108.2325001,,,,,,
768,I,49,27,27,49,0,,112.8875303,113,9.155686101,,110,88,108.3319928,,,,,,
769,I,49,27,27,49,0,,112.9920786,113,9.159657802,,110,88,108.4314474,,,,,,
770,I,49,27,27,49,0,,113.0965877,113,9.163626062,,110,88,108.5308638,,,,,,
771,I,49,27,27,49,0,,113.2010577,113,9.167590887,,111,88,108.6302421,,,,,,
772,I,49,27,27,49,0,,113.3054885,113,9.171552285,,111,88,108.7295824,,,,,,
773,I,49,27,27,49,0,,113.4098803,113,9.175510263,,111,88,108.8288849,,,,,,
774,I,49,27,27,49,0,,113.5142331,114,9.179464829,,111,88,108.9281494,,,,,,
775,I,49,27,27,49,0,,113.618547,114,9.183415991,,111,88,109.0273762,,,,,,
776,I,49,27,27,49,0,,113.7228221,114,9.187363754,,111,88,109.1265652,,,,,,
777,I,49,27,27,49,0,,113.8270584,114,9.191308128,,111,88,109.2257165,,,,,,
778,I,49,27,27,49,0,,113.931256,114,9.195249118,,111,88,109.3248303,,,,,,
779,I,49,27,27,49,0,,114.035415,114,9.199186733,,112,88,109.4239065,,,,,,
780,II,50,27,27,49,1,,114.1395354,114,9.20312098,,112,88,109.5229452,,,,,,
781,I,50,27,27,49,1,,114.2436172,114,9.207051864,,112,88,109.6219464,,,,,,
782,I,50,27,27,49,1,,114.3476606,114,9.210979395,,112,88,109.7209103,,,,,,
783,I,50,27,27,49,1,,114.4516657,114,9.214903579,,112,88,109.819837,,,,,,
784,I,50,28,28,49,1,,114.5556324,115,9.218824423,,112,88,109.9187263,,,,,,
785,I,50,28,28,49,1,,114.6595608,115,9.222741934,,112,88,110.0175785,,,,,,
786,I,50,28,28,49,1,,114.763451,115,9.226656119,,112,88,110.1163936,,,,,,
787,I,50,28,28,49,1,,114.8673031,115,9.230566986,,113,88,110.2151716,,,,,,
788,I,50,28,28,50,0,,114.9711171,115,9.234474541,,113,88,110.3139127,,,,,,
789,I,50,28,28,50,0,,115.0748931,115,9.238378791,,113,88,110.4126167,,,,,,
790,I,50,28,28,50,0,,115.1786311,115,9.242279744,,113,88,110.511284,,,,,,
791,I,50,28,28,50,0,,115.2823313,115,9.246177406,,113,88,110.6099144,,,,,,
792,I,50,28,28,50,0,,115.3859936,115,9.250071784,,113,88,110.708508,,,,,,
793,I,50,28,28,50,0,,115.4896182,115,9.253962885,,113,88,110.807065,,,,,,
794,I,50,28,28,50,0,,115.593205,116,9.257850716,,113,88,110.9055853,,,,,,
795,I,50,28,28,50,0,,115.6967542,116,9.261735284,,114,88,111.0040691,,,,,,
796,I,50,28,28,50,0,,115.8002658,116,9.265616596,,114,88,111.1025164,,,,,,
797,I,50,28,28,50,0,,115.9037399,116,9.269494658,,114,88,111.2009272,,,,,,
798,I,50,28,28,50,0,,116.0071766,116,9.273369478,,114,88,111.2993016,,,,,,
799,I,50,28,28,50,0,,116.1105758,116,9.277241062,,114,88,111.3976396,,,,,,
800,I,50,28,28,50,0,,116.2139377,116,9.281109416,,114,88,111.4959414,,,,,,
801,I,50,28,28,50,0,,116.3172623,116,9.284974548,,114,88,111.594207,,,,,,
802,I,50,28,28,50,0,,116.4205497,116,9.288836465,,114,88,111.6924364,,,,,,
803,I,50,28,28,50,0,,116.5237999,116,9.292695172,,115,88,111.7906297,,,,,,
804,I,50,28,28,50,0,,116.6270131,117,9.296550677,,115,88,111.888787,,,,,,
805,I,50,28,28,50,0,,116.7301892,117,9.300402986,,115,88,111.9869083,,,,,,
806,I,50,28,28,50,0,,116.8333283,117,9.304252106,,115,89,112.0849936,,,,,,
807,I,50,28,28,50,0,,116.9364304,117,9.308098043,,115,89,112.1830431,,,,,,
808,I,50,28,28,50,0,,117.0394958,117,9.311940805,,115,89,112.2810568,,,,,,
809,II,51,28,28,50,1,,117.1425243,117,9.315780397,,115,89,112.3790347,,,,,,
810,I,51,28,28,50,1,,117.245516,117,9.319616826,,115,89,112.476977,,,,,,
811,I,51,28,28,50,1,,117.3484711,117,9.323450098,,116,89,112.5748835,,,,,,
812,I,51,28,28,50,1,,117.4513895,117,9.327280221,,116,89,112.6727546,,,,,,
813,I,51,28,28,50,1,,117.5542714,117,9.3311072,,116,89,112.77059,,,,,,
814,I,51,28,28,50,1,,117.6571168,118,9.334931043,,116,89,112.86839,,,,,,
815,I,51,28,28,51,0,,117.7599257,118,9.338751754,,116,89,112.9661546,,,,,,
816,I,51,28,28,51,0,,117.8626982,118,9.342569342,,116,89,113.0638839,,,,,,
817,I,51,28,28,51,0,,117.9654343,118,9.346383811,,116,89,113.1615778,,,,,,
818,I,51,28,28,51,0,,118.0681342,118,9.350195169,,116,89,113.2592365,,,,,,
819,I,51,28,28,51,0,,118.1707978,118,9.354003422,,117,89,113.35686,,,,,,
820,I,51,28,28,51,0,,118.2734253,118,9.357808576,,117,89,113.4544484,,,,,,
821,I,51,28,28,51,0,,118.3760167,118,9.361610638,,117,89,113.5520017,,,,,,
822,I,51,28,28,51,0,,118.478572,118,9.365409613,,117,89,113.64952,,,,,,
823,I,51,28,28,51,0,,118.5810913,118,9.369205509,,117,89,113.7470033,,,,,,
824,I,51,28,28,51,0,,118.6835746,119,9.37299833,,117,89,113.8444517,,,,,,
825,I,51,28,28,51,0,,118.7860221,119,9.376788084,,117,89,113.9418652,,,,,,
826,I,51,28,28,51,0,,118.8884338,119,9.380574777,,117,89,114.0392439,,,,,,
827,I,51,28,28,51,0,,118.9908096,119,9.384358415,,118,89,114.1365879,,,,,,
828,I,51,28,28,51,0,,119.0931498,119,9.388139003,,118,89,114.2338972,,,,,,
829,I,51,28,28,51,0,,119.1954542,119,9.391916549,,118,89,114.3311719,,,,,,
830,I,51,28,28,51,0,,119.2977231,119,9.395691058,,118,89,114.4284119,,,,,,
831,I,51,28,28,51,0,,119.3999564,119,9.399462536,,118,89,114.5256175,,,,,,
832,I,51,28,28,51,0,,119.5021542,119,9.40323099,,118,89,114.6227885,,,,,,
833,I,51,28,28,51,0,,119.6043166,119,9.406996425,,118,89,114.7199252,,,,,,
834,I,51,28,28,51,0,,119.7064436,120,9.410758847,,118,89,114.8170274,,,,,,
835,I,51,28,28,51,0,,119.8085353,120,9.414518264,,119,89,114.9140954,,,,,,
836,I,51,28,28,51,0,,119.9105916,120,9.418274679,,119,89,115.011129,,,,,,
837,I,51,28,28,51,0,,120.0126128,120,9.4220281,,119,89,115.1081285,,,,,,
838,II,52,28,28,51,1,,120.1145988,120,9.425778533,,119,89,115.2050938,,,,,,
839,I,52,28,28,51,1,,120.2165496,120,9.429525983,,119,89,115.302025,,,,,,
840,I,52,28,28,51,1,,120.3184654,120,9.433270456,,119,89,115.3989222,,,,,,
841,I,52,29,29,51,1,,120.4203462,120,9.437011959,,119,89,115.4957853,,,,,,
842,I,52,29,29,51,1,,120.522192,120,9.440750497,,119,89,115.5926145,,,,,,
843,I,52,29,29,52,0,,120.6240029,120,9.444486075,,120,89,115.6894098,,,,,,
844,I,52,29,29,52,0,,120.725779,121,9.448218701,,120,89,115.7861713,,,,,,
845,I,52,29,29,52,0,,120.8275203,121,9.451948379,,120,89,115.882899,,,,,,
846,I,52,29,29,52,0,,120.9292269,121,9.455675115,,120,89,115.9795929,,,,,,
847,I,52,29,29,52,0,,121.0308987,121,9.459398916,,120,89,116.0762531,,,,,,
848,I,52,29,29,52,0,,121.1325359,121,9.463119787,,120,89,116.1728798,,,,,,
849,I,52,29,29,52,0,,121.2341385,121,9.466837734,,120,89,116.2694728,,,,,,
850,I,52,29,29,52,0,,121.3357066,121,9.470552762,,120,89,116.3660323,,,,,,
851,I,52,29,29,52,0,,121.4372403,121,9.474264877,,121,89,116.4625583,,,,,,
852,I,52,29,29,52,0,,121.5387395,121,9.477974086,,121,89,116.5590508,,,,,,
853,I,52,29,29,52,0,,121.6402043,121,9.481680393,,121,89,116.65551,,,,,,
854,I,52,29,29,52,0,,121.7416348,122,9.485383804,,121,89,116.7519359,,,,,,
855,I,52,29,29,52,0,,121.843031,122,9.489084325,,121,89,116.8483285,,,,,,
856,I,52,29,29,52,0,,121.944393,122,9.492781962,,121,89,116.9446878,,,,,,
857,I,52,29,29,52,0,,122.0457208,122,9.49647672,,121,89,117.041014,,,,,,
858,I,52,29,29,52,0,,122.1470145,122,9.500168605,,121,89,117.137307,,,,,,
859,I,52,29,29,52,0,,122.2482742,122,9.503857622,,122,89,117.233567,,,,,,
860,I,52,29,29,52,0,,122.3494998,122,9.507543778,,122,89,117.3297939,,,,,,
861,I,52,29,29,52,0,,122.4506915,122,9.511227076,,122,89,117.4259879,,,,,,
862,I,52,29,29,52,0,,122.5518492,122,9.514907524,,122,89,117.5221489,,,,,,
863,I,52,29,29,52,0,,122.6529731,122,9.518585126,,122,89,117.618277,,,,,,
864,I,52,29,29,52,0,,122.7540632,123,9.522259888,,122,89,117.7143723,,,,,,
865,I,52,29,29,52,0,,122.8551195,123,9.525931816,,122,89,117.8104348,,,,,,
866,I,52,29,29,52,0,,122.9561422,123,9.529600914,,122,89,117.9064646,,,,,,
867,I,52,29,29,52,0,,123.0571311,123,9.533267189,,123,89,118.0024617,,,,,,
868,II,53,29,29,52,1,,123.1580864,123,9.536930646,,123,89,118.0984262,,,,,,
869,I,53,29,29,52,1,,123.2590082,123,9.54059129,,123,90,118.1943581,,,,,,
870,I,53,29,29,53,0,,123.3598965,123,9.544249127,,123,90,118.2902574,,,,,,
871,I,53,29,29,53,0,,123.4607513,123,9.547904162,,123,90,118.3861243,,,,,,
872,I,53,29,29,53,0,,123.5615727,123,9.5515564,,123,90,118.4819587,,,,,,
873,I,53,29,29,53,0,,123.6623607,123,9.555205846,,123,90,118.5777607,,,,,,
874,I,53,29,29,53,0,,123.7631154,124,9.558852507,,123,90,118.6735304,,,,,,
875,I,53,29,29,53,0,,123.8638369,124,9.562496387,,124,90,118.7692678,,,,,,
876,I,53,29,29,53,0,,123.9645251,124,9.566137492,,124,90,118.8649729,,,,,,
877,I,53,29,29,53,0,,124.0651802,124,9.569775826,,124,90,118.9606458,,,,,,
878,I,53,29,29,53,0,,124.1658022,124,9.573411396,,124,90,119.0562866,,,,,,
879,I,53,29,29,53,0,,124.2663911,124,9.577044206,,124,90,119.1518953,,,,,,
880,I,53,29,29,53,0,,124.3669469,124,9.580674262,,124,90,119.2474719,,,,,,
881,I,53,29,29,53,0,,124.4674698,124,9.584301569,,124,90,119.3430164,,,,,,
882,I,53,29,29,53,0,,124.5679598,124,9.587926131,,124,90,119.4385291,,,,,,
883,I,53,29,29,53,0,,124.6684169,124,9.591547955,,125,90,119.5340098,,,,,,
884,I,53,29,29,53,0,,124.7688411,125,9.595167046,,125,90,119.6294586,,,,,,
885,I,53,29,29,53,0,,124.8692326,125,9.598783408,,125,90,119.7248756,,,,,,
886,I,53,29,29,53,0,,124.9695914,125,9.602397046,,125,90,119.8202608,,,,,,
887,I,53,29,29,53,0,,125.0699174,125,9.606007967,,125,90,119.9156143,,,,,,
888,I,53,29,29,53,0,,125.1702109,125,9.609616174,,125,90,120.0109361,,,,,,
889,I,53,29,29,53,0,,125.2704717,125,9.613221674,,125,90,120.1062263,,,,,,
890,I,53,29,29,53,0,,125.3707,125,9.61682447,,125,90,120.2014849,,,,,,
891,I,53,29,29,53,0,,125.4708958,125,9.620424569,,126,90,120.2967119,,,,,,
892,I,53,29,29,53,0,,125.5710592,125,9.624021975,,126,90,120.3919074,,,,,,
893,I,53,29,29,53,0,,125.6711901,125,9.627616693,,126,90,120.4870715,,,,,,
894,I,53,29,29,53,0,,125.7712887,126,9.631208728,,126,90,120.5822042,,,,,,
895,I,53,29,29,53,0,,125.871355,126,9.634798086,,126,90,120.6773055,,,,,,
896,I,53,29,29,53,0,,125.971389,126,9.63838477,,126,90,120.7723754,,,,,,
897,I,53,29,29,53,0,,126.0713908,126,9.641968787,,126,90,120.8674141,,,,,,
898,II,54,29,29,53,1,,126.1713605,126,9.645550141,,126,90,120.9624216,,,,,,
899,I,54,29,29,54,0,,126.271298,126,9.649128838,,127,90,121.0573979,,,,,,
900,I,54,30,30,54,0,,126.3712034,126,9.652704881,,127,90,121.152343,,,,,,
901,I,54,30,30,54,0,,126.4710768,126,9.656278276,,127,90,121.2472571,,,,,,
902,I,54,30,30,54,0,,126.5709182,126,9.659849028,,127,90,121.3421401,,,,,,
903,I,54,30,30,54,0,,126.6707277,126,9.663417142,,127,90,121.4369921,,,,,,
904,I,54,30,30,54,0,,126.7705053,127,9.666982622,,127,90,121.5318131,,,,,,
905,I,54,30,30,54,0,,126.8702511,127,9.670545474,,127,90,121.6266032,,,,,,
906,I,54,30,30,54,0,,126.969965,127,9.674105702,,127,90,121.7213625,,,,,,
907,I,54,30,30,54,0,,127.0696472,127,9.677663311,,128,90,121.8160909,,,,,,
908,I,54,30,30,54,0,,127.1692976,127,9.681218306,,128,90,121.9107885,,,,,,
909,I,54,30,30,54,0,,127.2689164,127,9.684770691,,128,90,122.0054554,,,,,,
910,I,54,30,30,54,0,,127.3685036,127,9.688320472,,128,90,122.1000916,,,,,,
911,I,54,30,30,54,0,,127.4680592,127,9.691867654,,128,90,122.1946972,,,,,,
912,I,54,30,30,54,0,,127.5675833,127,9.69541224,,128,90,122.2892721,,,,,,
913,I,54,30,30,54,0,,127.6670758,127,9.698954236,,128,90,122.3838165,,,,,,
914,I,54,30,30,54,0,,127.766537,128,9.702493647,,128,90,122.4783303,,,,,,
915,I,54,30,30,54,0,,127.8659667,128,9.706030477,,129,90,122.5728137,,,,,,
916,I,54,30,30,54,0,,127.9653651,128,9.70956473,,129,90,122.6672666,,,,,,
917,I,54,30,30,54,0,,128.0647321,128,9.713096413,,129,90,122.7616892,,,,,,
918,I,54,30,30,54,0,,128.1640679,128,9.716625528,,129,90,122.8560813,,,,,,
919,I,54,30,30,54,0,,128.2633725,128,9.720152081,,129,90,122.9504432,,,,,,
920,I,54,30,30,54,0,,128.3626459,128,9.723676077,,129,90,123.0447748,,,,,,
921,I,54,30,30,54,0,,128.4618881,128,9.72719752,,129,90,123.1390762,,,,,,
922,I,54,30,30,54,0,,128.5610993,128,9.730716415,,129,90,123.2333474,,,,,,
923,I,54,30,30,54,0,,128.6602794,128,9.734232767,,130,90,123.3275885,,,,,,
924,I,54,30,30,54,0,,128.7594285,129,9.737746579,,130,90,123.4217995,,,,,,
925,I,54,30,30,54,0,,128.8585466,129,9.741257857,,130,90,123.5159804,,,,,,
926,I,54,30,30,54,0,,128.9576338,129,9.744766605,,130,90,123.6101313,,,,,,
927,I,54,30,30,55,1,,129.0566902,129,9.748272827,,130,90,123.7042523,,,,,,
928,I,54,30,30,55,1,,129.1557157,129,9.751776529,,130,90,123.7983433,,,,,,
929,II,55,30,30,55,0,,129.2547104,129,9.755277715,,130,90,123.8924044,,,,,,
930,I,55,30,30,55,0,,129.3536744,129,9.758776389,,130,90,123.9864357,,,,,,
931,I,55,30,30,55,0,,129.4526076,129,9.762272555,,131,90,124.0804372,,,,,,
932,I,55,30,30,55,0,,129.5515102,129,9.765766219,,131,90,124.1744089,,,,,,
933,I,55,30,30,55,0,,129.6503822,129,9.769257385,,131,90,124.2683509,,,,,,
934,I,55,30,30,55,0,,129.7492236,130,9.772746057,,131,90,124.3622633,,,,,,
935,I,55,30,30,55,0,,129.8480345,130,9.776232239,,131,90,124.4561459,,,,,,
936,I,55,30,30,55,0,,129.9468148,130,9.779715937,,131,90,124.549999,,,,,,
937,I,55,30,30,55,0,,130.0455647,130,9.783197154,,131,90,124.6438226,,,,,,
938,I,55,30,30,55,0,,130.1442842,130,9.786675895,,131,91,124.7376166,,,,,,
939,I,55,30,30,55,0,,130.2429734,130,9.790152164,,132,91,124.8313812,,,,,,
940,I,55,30,30,55,0,,130.3416322,130,9.793625966,,132,91,124.9251163,,,,,,
941,I,55,30,30,55,0,,130.4402607,130,9.797097305,,132,91,125.018822,,,,,,
942,I,55,30,30,55,0,,130.538859,130,9.800566185,,132,91,125.1124984,,,,,,
943,I,55,30,30,55,0,,130.637427,130,9.804032611,,132,91,125.2061454,,,,,,
944,I,55,30,30,55,0,,130.735965,131,9.807496588,,132,91,125.2997632,,,,,,
945,I,55,30,30,55,0,,130.8344727,131,9.810958118,,132,91,125.3933518,,,,,,
946,I,55,30,30,55,0,,130.9329505,131,9.814417208,,132,91,125.4869112,,,,,,
947,I,55,30,30,55,0,,131.0313981,131,9.81787386,,133,91,125.5804414,,,,,,
948,I,55,30,30,55,0,,131.1298158,131,9.82132808,,133,91,125.6739425,,,,,,
949,I,55,30,30,55,0,,131.2282035,131,9.824779872,,133,91,125.7674145,,,,,,
950,I,55,30,30,55,0,,131.3265613,131,9.828229239,,133,91,125.8608575,,,,,,
951,I,55,30,30,55,0,,131.4248893,131,9.831676186,,133,91,125.9542716,,,,,,
952,I,55,30,30,55,0,,131.5231874,131,9.835120718,,133,91,126.0476566,,,,,,
953,I,55,30,30,55,0,,131.6214557,131,9.838562838,,133,91,126.1410128,,,,,,
954,I,55,30,30,55,0,,131.7196942,132,9.842002552,,133,91,126.23434,,,,,,
955,I,55,30,30,55,0,,131.817903,132,9.845439862,,134,91,126.3276385,,,,,,
956,I,55,30,30,56,1,,131.9160822,132,9.848874773,,134,91,126.4209081,,,,,,
957,I,55,30,30,56,1,,132.0142317,132,9.85230729,,134,91,126.514149,,,,,,
958,I,55,30,30,56,1,,132.1123516,132,9.855737416,,134,91,126.6073612,,,,,,
959,I,55,30,30,56,1,,132.210442,132,9.859165156,,134,91,126.7005446,,,,,,
960,II,56,30,30,56,0,,132.3085029,132,9.862590514,,134,91,126.7936995,,,,,,
961,I,56,31,31,56,0,,132.4065342,132,9.866013494,,134,91,126.8868257,,,,,,
962,I,56,31,31,56,0,,132.5045362,132,9.8694341,,134,91,126.9799234,,,,,,
963,I,56,31,31,56,0,,132.6025087,132,9.872852336,,135,91,127.0729926,,,,,,
964,I,56,31,31,56,0,,132.7004519,133,9.876268206,,135,91,127.1660332,,,,,,
965,I,56,31,31,56,0,,132.7983658,133,9.879681715,,135,91,127.2590455,,,,,,
966,I,56,31,31,56,0,,132.8962504,133,9.883092867,,135,91,127.3520293,,,,,,
967,I,56,31,31,56,0,,132.9941058,133,9.886501664,,135,91,127.4449847,,,,,,
968,I,56,31,31,56,0,,133.0919319,133,9.889908113,,135,91,127.5379118,,,,,,
969,I,56,31,31,56,0,,133.1897289,133,9.893312216,,135,91,127.6308106,,,,,,
970,I,56,31,31,56,0,,133.2874968,133,9.896713978,,135,91,127.7236812,,,,,,
971,I,56,31,31,56,0,,133.3852356,133,9.900113403,,136,91,127.8165235,,,,,,
972,I,56,31,31,56,0,,133.4829453,133,9.903510494,,136,91,127.9093376,,,,,,
973,I,56,31,31,56,0,,133.5806261,133,9.906905256,,136,91,128.0021236,,,,,,
974,I,56,31,31,56,0,,133.6782778,134,9.910297693,,136,91,128.0948815,,,,,,
975,I,56,31,31,56,0,,133.7759007,134,9.913687808,,136,91,128.1876114,,,,,,
976,I,56,31,31,56,0,,133.8734946,134,9.917075606,,136,91,128.2803131,,,,,,
977,I,56,31,31,56,0,,133.9710597,134,9.920461091,,136,91,128.3729869,,,,,,
978,I,56,31,31,56,0,,134.068596,134,9.923844266,,136,91,128.4656328,,,,,,
979,I,56,31,31,56,0,,134.1661035,134,9.927225135,,137,91,128.5582507,,,,,,
980,I,56,31,31,56,0,,134.2635822,134,9.930603704,,137,91,128.6508407,,,,,,
981,I,56,31,31,56,0,,134.3610323,134,9.933979974,,137,91,128.7434029,,,,,,
982,I,56,31,31,56,0,,134.4584537,134,9.937353951,,137,91,128.8359372,,,,,,
983,I,56,31,31,56,0,,134.5558464,134,9.940725637,,137,91,128.9284438,,,,,,
984,I,56,31,31,56,0,,134.6532106,135,9.944095038,,137,91,129.0209227,,,,,,
985,I,56,31,31,57,1,,134.7505462,135,9.947462157,,137,91,129.1133738,,,,,,
986,I,56,31,31,57,1,,134.8478534,135,9.950826997,,137,91,129.2057973,,,,,,
987,I,56,31,31,57,1,,134.945132,135,9.954189563,,138,91,129.2981932,,,,,,
988,I,56,31,31,57,1,,135.0423822,135,9.957549858,,138,91,129.3905614,,,,,,
989,I,56,31,31,57,1,,135.139604,135,9.960907887,,138,91,129.4829021,,,,,,
990,I,56,31,31,57,1,,135.2367974,135,9.964263652,,138,91,129.5752153,,,,,,
991,I,56,31,31,57,1,,135.3339625,135,9.967617159,,138,91,129.667501,,,,,,
992,II,57,31,31,57,0,,135.4310993,135,9.97096841,,138,91,129.7597593,,,,,,
993,I,57,31,31,57,0,,135.5282078,135,9.97431741,,138,91,129.8519901,,,,,,
994,I,57,31,31,57,0,,135.6252881,136,9.977664162,,138,91,129.9441936,,,,,,
995,I,57,31,31,57,0,,135.7223403,136,9.981008669,,139,91,130.0363697,,,,,,
996,I,57,31,31,57,0,,135.8193643,136,9.984350937,,139,91,130.1285185,,,,,,
997,I,57,31,31,57,0,,135.9163602,136,9.987690968,,139,91,130.2206401,,,,,,
998,I,57,31,31,57,0,,136.013328,136,9.991028767,,139,91,130.3127344,,,,,,
999,I,57,31,31,57,0,,136.1102678,136,9.994364336,,139,91,130.4048015,,,,,,
1000,I,57,31,31,57,0,,136.2071795,136,9.99769768,,139,91,130.4968414,,,,,,